[
  {
    "id": "11338cb6-557e-40ae-8bd5-ac11b0fd88b2",
    "data": [
      {
        "text": "Скажи ",
        "userDefined": false
      },
      {
        "text": "я орел",
        "alias": "any",
        "meta": "@sys.any",
        "userDefined": true
      }
    ],
    "isTemplate": false,
    "count": 3,
    "updated": 1550740722
  },
  {
    "id": "4346c08e-b3d9-424a-b987-8a24e4facc24",
    "data": [
      {
        "text": "скажи ",
        "userDefined": false
      },
      {
        "text": "прикол",
        "alias": "any",
        "meta": "@sys.any",
        "userDefined": true
      }
    ],
    "isTemplate": false,
    "count": 1,
    "updated": 1550740722
  },
  {
    "id": "f60c2e65-4342-49af-b57e-828a3519ce5a",
    "data": [
      {
        "text": "скажи ",
        "userDefined": false
      },
      {
        "text": "орел",
        "alias": "any",
        "meta": "@sys.any",
        "userDefined": true
      }
    ],
    "isTemplate": false,
    "count": 1,
    "updated": 1550740722
  },
  {
    "id": "7e27af33-0f6d-4146-b185-4093aba20df9",
    "data": [
      {
        "text": "скажи ",
        "userDefined": false
      },
      {
        "text": "мопед",
        "alias": "any",
        "meta": "@sys.any",
        "userDefined": false
      }
    ],
    "isTemplate": false,
    "count": 0,
    "updated": 0
  },
  {
    "id": "2532884a-4a90-4b0b-bcf9-6a1ded3efeca",
    "data": [
      {
        "text": "скажи ",
        "userDefined": false
      },
      {
        "text": "саквояж",
        "alias": "any",
        "meta": "@sys.any",
        "userDefined": false
      }
    ],
    "isTemplate": false,
    "count": 0,
    "updated": 0
  },
  {
    "id": "1e52c344-fd8b-43d9-b1ee-cc08ba2f0a3e",
    "data": [
      {
        "text": "Ладно, скажи ",
        "userDefined": false
      },
      {
        "text": "кто самая красивая",
        "alias": "any",
        "meta": "@sys.any",
        "userDefined": false
      }
    ],
    "isTemplate": false,
    "count": 0,
    "updated": 0
  }
]