[
  {
    "id": "b8f2edb6-9bff-4ce6-96b0-3f243dda8d29",
    "data": [
      {
        "text": "Кто такой ",
        "userDefined": false
      },
      {
        "text": "Дантесик",
        "alias": "currency-name",
        "meta": "@sys.currency-name",
        "userDefined": true
      }
    ],
    "isTemplate": false,
    "count": 4,
    "updated": 1550738941
  },
  {
    "id": "73d80f1c-5655-49a5-a779-3db65ab2b785",
    "data": [
      {
        "text": "Кто такой ",
        "userDefined": false
      },
      {
        "text": "Дарт Вэйдер",
        "alias": "currency-name",
        "meta": "@sys.currency-name",
        "userDefined": true
      }
    ],
    "isTemplate": false,
    "count": 4,
    "updated": 1550738941
  },
  {
    "id": "eaef8a56-dfb8-4af5-97b4-5ff132affe08",
    "data": [
      {
        "text": "Кто такой ",
        "userDefined": false
      },
      {
        "text": "Дантес",
        "alias": "currency-name",
        "meta": "@sys.currency-name",
        "userDefined": true
      },
      {
        "text": "?",
        "userDefined": false
      }
    ],
    "isTemplate": false,
    "count": 4,
    "updated": 1550738941
  },
  {
    "id": "7e08090d-e46d-47b4-ac5f-6814a0d2dfa9",
    "data": [
      {
        "text": "Кто ",
        "userDefined": false
      },
      {
        "text": "барэбор",
        "alias": "currency-name",
        "meta": "@sys.currency-name",
        "userDefined": true
      },
      {
        "text": "?",
        "userDefined": false
      }
    ],
    "isTemplate": false,
    "count": 4,
    "updated": 1550738941
  },
  {
    "id": "27e90f10-f058-40de-a6c1-dd3ae3c8476f",
    "data": [
      {
        "text": "Кто такой ",
        "userDefined": false
      },
      {
        "text": "Стас",
        "alias": "currency-name",
        "meta": "@sys.currency-name",
        "userDefined": true
      }
    ],
    "isTemplate": false,
    "count": 4,
    "updated": 1550738941
  },
  {
    "id": "f40122cf-7afb-4907-aae4-6756bf88a7e5",
    "data": [
      {
        "text": "Кто такой ",
        "userDefined": false
      },
      {
        "text": "жирный",
        "alias": "currency-name",
        "meta": "@sys.currency-name",
        "userDefined": true
      }
    ],
    "isTemplate": false,
    "count": 4,
    "updated": 1550738941
  }
]