[
  {
    "id": "98725b13-cafa-4681-8fdb-6e475097e715",
    "data": [
      {
        "text": "хорошего",
        "alias": "goodwish",
        "meta": "@goodwish",
        "userDefined": false
      },
      {
        "text": " тебе ",
        "userDefined": false
      },
      {
        "text": "дня",
        "alias": "date",
        "meta": "@sys.date",
        "userDefined": false
      }
    ],
    "isTemplate": false,
    "count": 0,
    "updated": 0
  },
  {
    "id": "1b9b18af-6905-4711-a74f-ab5aac00f18d",
    "data": [
      {
        "text": "хорошего",
        "alias": "goodwish",
        "meta": "@goodwish",
        "userDefined": true
      },
      {
        "text": " дня",
        "userDefined": false
      }
    ],
    "isTemplate": false,
    "count": 0,
    "updated": 1550216912
  }
]