[
  {
    "id": "0f171dd9-a725-45b0-9636-22a395b27b52",
    "data": [
      {
        "text": "Ахахаха",
        "userDefined": false
      }
    ],
    "isTemplate": false,
    "count": 0,
    "updated": 0
  },
  {
    "id": "4ff8bcd1-f40b-4e6d-98a1-213aece15733",
    "data": [
      {
        "text": "☺",
        "userDefined": false
      }
    ],
    "isTemplate": false,
    "count": 4,
    "updated": 1550170908
  },
  {
    "id": "3efa5558-7ea0-4f8f-a911-75edb5cf6eb6",
    "data": [
      {
        "text": "Ахахахах",
        "userDefined": false
      }
    ],
    "isTemplate": false,
    "count": 1,
    "updated": 0
  },
  {
    "id": "1684a5ef-2a99-498b-9c24-f6da97e10658",
    "data": [
      {
        "text": "ахах",
        "userDefined": false
      }
    ],
    "isTemplate": false,
    "count": 3,
    "updated": 0
  },
  {
    "id": "0d6e80ad-c202-4045-8e57-bf32217795e1",
    "data": [
      {
        "text": "))",
        "userDefined": false
      }
    ],
    "isTemplate": false,
    "count": 9,
    "updated": 0
  },
  {
    "id": "bee0882e-a30f-460e-b173-9310334397f6",
    "data": [
      {
        "text": ")",
        "userDefined": false
      }
    ],
    "isTemplate": false,
    "count": 2,
    "updated": 0
  }
]