[
  {
    "id": "8c34e2b9-cdae-49ab-81c7-0f451431e1c4",
    "data": [
      {
        "text": "кто Тэо",
        "userDefined": false
      }
    ],
    "isTemplate": false,
    "count": 1,
    "updated": 1550322576
  },
  {
    "id": "82d241c7-5b4b-42e3-b011-8edf0655609b",
    "data": [
      {
        "text": "Кто такой Гарик?",
        "userDefined": false
      }
    ],
    "isTemplate": false,
    "count": 3,
    "updated": 0
  },
  {
    "id": "adab3913-75b0-4d01-b729-750ec74ddf48",
    "data": [
      {
        "text": "Тэо тебя научит",
        "userDefined": false
      }
    ],
    "isTemplate": false,
    "count": 2,
    "updated": 0
  },
  {
    "id": "1a1ecd72-b081-4226-a9b2-1c48245a3368",
    "data": [
      {
        "text": "кто твой учитель",
        "userDefined": false
      }
    ],
    "isTemplate": false,
    "count": 0,
    "updated": 1550322576
  },
  {
    "id": "654c4a99-cfaf-4fd3-a5f7-d62bcef69b49",
    "data": [
      {
        "text": "кто тебя учит",
        "userDefined": false
      }
    ],
    "isTemplate": false,
    "count": 0,
    "updated": 1550322576
  }
]