[
  {
    "id": "4d1471da-212c-47e0-bdc5-ec9bcf198845",
    "data": [
      {
        "text": "Скажи что-нибудь хорошее",
        "userDefined": false
      }
    ],
    "isTemplate": false,
    "count": 1,
    "updated": 0
  },
  {
    "id": "e50fd42f-07cb-488f-957d-1eb487b9c002",
    "data": [
      {
        "text": "Кто самая красивая?",
        "userDefined": false
      }
    ],
    "isTemplate": false,
    "count": 2,
    "updated": 0
  },
  {
    "id": "6a3ffa07-1a7f-4694-8607-3b95a0242ce3",
    "data": [
      {
        "text": "А я?",
        "userDefined": false
      }
    ],
    "isTemplate": false,
    "count": 2,
    "updated": 0
  },
  {
    "id": "1b2f7e7f-0b68-4528-8994-1bef01ebb2bf",
    "data": [
      {
        "text": "порадуй меня",
        "userDefined": false
      }
    ],
    "isTemplate": false,
    "count": 14,
    "updated": 0
  },
  {
    "id": "8953c801-a357-4057-a100-301a51a7dc44",
    "data": [
      {
        "text": "Я красотка?",
        "userDefined": false
      }
    ],
    "isTemplate": false,
    "count": 0,
    "updated": 0
  },
  {
    "id": "48b01aaf-6b4c-462a-a8b0-2c1a973b5ffa",
    "data": [
      {
        "text": "Скажи мне что то приятное",
        "userDefined": false
      }
    ],
    "isTemplate": false,
    "count": 2,
    "updated": 0
  },
  {
    "id": "2125c4ed-1a44-4b08-afa7-3584a4c54cd9",
    "data": [
      {
        "text": "Я красивая?",
        "userDefined": false
      }
    ],
    "isTemplate": false,
    "count": 5,
    "updated": 0
  },
  {
    "id": "7a4dfebd-dc1b-44b6-8313-a69ff728acb2",
    "data": [
      {
        "text": "Но красивая?",
        "userDefined": false
      }
    ],
    "isTemplate": false,
    "count": 2,
    "updated": 0
  },
  {
    "id": "07a87b99-66ca-4d81-b460-9543fc91ab16",
    "data": [
      {
        "text": "Скажи что нибудь хорошее",
        "userDefined": false
      }
    ],
    "isTemplate": false,
    "count": 1,
    "updated": 0
  },
  {
    "id": "919bce19-643c-4ecd-a7cb-ba416c039ca7",
    "data": [
      {
        "text": "Мамина принцесса",
        "userDefined": false
      }
    ],
    "isTemplate": false,
    "count": 1,
    "updated": 0
  },
  {
    "id": "637f835c-23e4-4d14-ae84-15f7191470e2",
    "data": [
      {
        "text": "Кто красивая самая?",
        "userDefined": false
      }
    ],
    "isTemplate": false,
    "count": 0,
    "updated": 0
  },
  {
    "id": "98b2575e-f976-4b26-b904-b2a55e6d5b6d",
    "data": [
      {
        "text": "У меня красивые глаза?",
        "userDefined": false
      }
    ],
    "isTemplate": false,
    "count": 2,
    "updated": 0
  },
  {
    "id": "eb5fbaab-9b60-4f83-97b4-8a98817db8dd",
    "data": [
      {
        "text": "Кто красивая?",
        "userDefined": false
      }
    ],
    "isTemplate": false,
    "count": 1,
    "updated": 0
  },
  {
    "id": "1c005cdd-0dec-4cac-a372-2f329c8af945",
    "data": [
      {
        "text": "Что ты ",
        "userDefined": false
      },
      {
        "text": "сегодня",
        "meta": "@sys.ignore",
        "userDefined": false
      },
      {
        "text": " такой любвеобильный?",
        "userDefined": false
      }
    ],
    "isTemplate": false,
    "count": 0,
    "updated": 0
  },
  {
    "id": "20b26cd8-def2-428d-b564-13f8b31201c6",
    "data": [
      {
        "text": "Нравлюсь тебе?",
        "userDefined": false
      }
    ],
    "isTemplate": false,
    "count": 0,
    "updated": 0
  },
  {
    "id": "23f90cb6-69e0-4299-85ca-dbdbe14e8247",
    "data": [
      {
        "text": "Кто самая красивая девушка?",
        "userDefined": false
      }
    ],
    "isTemplate": false,
    "count": 2,
    "updated": 0
  },
  {
    "id": "65be4a2e-eaec-467c-8b13-29271e571c16",
    "data": [
      {
        "text": "скажи что то",
        "userDefined": false
      }
    ],
    "isTemplate": false,
    "count": 16,
    "updated": 1550147897
  },
  {
    "id": "219804f0-7600-48bc-96e8-cb521f6b730b",
    "data": [
      {
        "text": "Скажи что то хорошее",
        "userDefined": false
      }
    ],
    "isTemplate": false,
    "count": 1,
    "updated": 0
  },
  {
    "id": "725ca03a-2df2-47ae-bae0-ca2b19e0dbf7",
    "data": [
      {
        "text": "Я тебе нравлюсь?",
        "userDefined": false
      }
    ],
    "isTemplate": false,
    "count": 1,
    "updated": 0
  },
  {
    "id": "b8fdd60d-1ed3-40ae-aede-ba976a972116",
    "data": [
      {
        "text": "Скажи мне",
        "userDefined": false
      }
    ],
    "isTemplate": false,
    "count": 2,
    "updated": 0
  },
  {
    "id": "5e996719-b968-4a02-aacb-0bd0b5f32241",
    "data": [
      {
        "text": "Скажи что нибудь",
        "userDefined": false
      }
    ],
    "isTemplate": false,
    "count": 3,
    "updated": 0
  },
  {
    "id": "37bd3989-af6c-4970-b5e8-2a09521c717d",
    "data": [
      {
        "text": "скажи что-то",
        "userDefined": false
      }
    ],
    "isTemplate": false,
    "count": 1,
    "updated": 0
  },
  {
    "id": "b0544a67-172c-4a78-bbe9-7d42fdb7e035",
    "data": [
      {
        "text": "скажи что-то хорошее",
        "userDefined": false
      }
    ],
    "isTemplate": false,
    "count": 0,
    "updated": 1550146039
  }
]