[
  {
    "id": "a4ae48e1-d219-4f82-b199-26cfc005d3ae",
    "data": [
      {
        "text": "Ещё",
        "userDefined": false
      }
    ],
    "isTemplate": false,
    "count": 1,
    "updated": 0
  },
  {
    "id": "91304e9d-69c1-4c2c-acf9-24e78acb2b2e",
    "data": [
      {
        "text": "Еще",
        "userDefined": false
      }
    ],
    "isTemplate": false,
    "count": 1,
    "updated": 0
  },
  {
    "id": "7970400d-82e2-48b6-aff0-b6a7fc42ac2c",
    "data": [
      {
        "text": "ещё",
        "userDefined": false
      }
    ],
    "isTemplate": false,
    "count": 3,
    "updated": 0
  },
  {
    "id": "d92cc91d-2153-443b-acf3-6a8309c6ec15",
    "data": [
      {
        "text": "повтори",
        "userDefined": false
      }
    ],
    "isTemplate": false,
    "count": 1,
    "updated": 0
  },
  {
    "id": "b19c26f8-c588-4026-b0a5-05684a173096",
    "data": [
      {
        "text": "Повтори",
        "userDefined": false
      }
    ],
    "isTemplate": false,
    "count": 1,
    "updated": 0
  },
  {
    "id": "dd165129-9edb-4001-b6dc-5cfdd9134b4c",
    "data": [
      {
        "text": "не останавливайся",
        "userDefined": false
      }
    ],
    "isTemplate": false,
    "count": 0,
    "updated": 1550298066
  },
  {
    "id": "58fc2e0a-3603-4c1e-8d37-36d3d3fa8a30",
    "data": [
      {
        "text": "сделай это ещё раз",
        "userDefined": false
      }
    ],
    "isTemplate": false,
    "count": 0,
    "updated": 1497433470
  },
  {
    "id": "e9b76105-b18f-424b-be22-e1ec42a2bbe7",
    "data": [
      {
        "text": "скажи то же самое опять",
        "userDefined": false
      }
    ],
    "isTemplate": false,
    "count": 0,
    "updated": 1497433470
  },
  {
    "id": "251ca1ae-7d4f-4370-a9e6-68a8d5b87de8",
    "data": [
      {
        "text": "скажи это снова",
        "userDefined": false
      }
    ],
    "isTemplate": false,
    "count": 0,
    "updated": 1497433470
  },
  {
    "id": "fe991166-2dab-4c44-a981-708d5652df6a",
    "data": [
      {
        "text": "ещё раз",
        "userDefined": false
      }
    ],
    "isTemplate": false,
    "count": 0,
    "updated": 1497433470
  },
  {
    "id": "6d8865b8-91ec-4589-8d93-3472c7ec4a4c",
    "data": [
      {
        "text": "можешь повторить",
        "userDefined": false
      }
    ],
    "isTemplate": false,
    "count": 0,
    "updated": 1497433470
  },
  {
    "id": "87ef52ec-d2ba-4519-b8a7-2273524b68e9",
    "data": [
      {
        "text": "повтори это",
        "userDefined": false
      }
    ],
    "isTemplate": false,
    "count": 1,
    "updated": 1497433470
  }
]