[
  {
    "id": "6509c31a-4984-455c-a1e2-3e40ae708c5d",
    "data": [
      {
        "text": "телега",
        "userDefined": false
      }
    ],
    "isTemplate": false,
    "count": 3,
    "updated": 1550302562
  },
  {
    "id": "07aa6160-4e1a-4df8-abd3-8bad866232fd",
    "data": [
      {
        "text": "telega",
        "userDefined": false
      }
    ],
    "isTemplate": false,
    "count": 1,
    "updated": 1550302375
  },
  {
    "id": "d0835fe1-c319-4326-a5e8-5455968882d6",
    "data": [
      {
        "text": "telegram",
        "userDefined": false
      }
    ],
    "isTemplate": false,
    "count": 0,
    "updated": 1550302562
  },
  {
    "id": "b98e1a71-563d-4284-88fc-3ed7ece25ff9",
    "data": [
      {
        "text": "телеграм",
        "userDefined": false
      }
    ],
    "isTemplate": false,
    "count": 0,
    "updated": 1550302562
  }
]