[
  {
    "id": "aab9fca2-4628-4bdc-89d4-a6013c4625a8",
    "data": [
      {
        "text": "я вернулась",
        "userDefined": false
      }
    ],
    "isTemplate": false,
    "count": 0,
    "updated": 0
  },
  {
    "id": "8c81e88f-d899-42b2-80df-0088563c1135",
    "data": [
      {
        "text": "и снова я здесь",
        "userDefined": false
      }
    ],
    "isTemplate": false,
    "count": 0,
    "updated": 0
  },
  {
    "id": "a2be2fb9-7b90-419e-8d53-c43a110b072e",
    "data": [
      {
        "text": "а вот и я",
        "userDefined": false
      }
    ],
    "isTemplate": false,
    "count": 0,
    "updated": 0
  },
  {
    "id": "73467a3d-7726-4c2c-bb6b-9278cd8e0ddb",
    "data": [
      {
        "text": "это снова я",
        "userDefined": false
      }
    ],
    "isTemplate": false,
    "count": 0,
    "updated": 0
  },
  {
    "id": "b6e82fd9-8d6c-4baa-82c9-d00f8bbad681",
    "data": [
      {
        "text": "я снова тут",
        "userDefined": false
      }
    ],
    "isTemplate": false,
    "count": 0,
    "updated": 0
  },
  {
    "id": "477dd9e8-8fa6-4e11-bfa7-51d9bb898e51",
    "data": [
      {
        "text": "я вернулся",
        "userDefined": false
      }
    ],
    "isTemplate": false,
    "count": 0,
    "updated": 0
  },
  {
    "id": "75a63013-2568-4248-95d4-d77a0a459e9a",
    "data": [
      {
        "text": "я снова здесь",
        "userDefined": false
      }
    ],
    "isTemplate": false,
    "count": 0,
    "updated": 0
  },
  {
    "id": "e82620d0-444a-4bb9-a835-566508acb271",
    "data": [
      {
        "text": "я снова здесь с тобой",
        "userDefined": false
      }
    ],
    "isTemplate": false,
    "count": 0,
    "updated": 0
  }
]