[
  {
    "id": "a3357000-b8bf-4ee4-bf38-6be51763d51b",
    "data": [
      {
        "text": "Я в говно",
        "userDefined": false
      }
    ],
    "isTemplate": false,
    "count": 1,
    "updated": 0
  },
  {
    "id": "0dc92659-aacd-4c32-958f-02d8e335918a",
    "data": [
      {
        "text": "очень взволнован",
        "userDefined": false
      }
    ],
    "isTemplate": false,
    "count": 0,
    "updated": 0
  },
  {
    "id": "f5fec93d-07a6-450d-b4e5-3ed6ecf03d85",
    "data": [
      {
        "text": "это меня взволновало",
        "userDefined": false
      }
    ],
    "isTemplate": false,
    "count": 0,
    "updated": 0
  },
  {
    "id": "dbe719e5-8c2e-4613-9be5-dd2415f319e7",
    "data": [
      {
        "text": "я взбудоражена",
        "userDefined": false
      }
    ],
    "isTemplate": false,
    "count": 0,
    "updated": 0
  },
  {
    "id": "66f93e1e-5ac1-4d29-97c7-bde6270ae760",
    "data": [
      {
        "text": "я в восторге от работы с тобой",
        "userDefined": false
      }
    ],
    "isTemplate": false,
    "count": 0,
    "updated": 0
  },
  {
    "id": "f92e74c3-e957-4794-a7d6-838c4ac89e56",
    "data": [
      {
        "text": "жду не дождусь начала нашего сотрудничества",
        "userDefined": false
      }
    ],
    "isTemplate": false,
    "count": 0,
    "updated": 0
  },
  {
    "id": "723d5875-d8aa-43aa-aefb-b05c1a506f3b",
    "data": [
      {
        "text": "я в восторге",
        "userDefined": false
      }
    ],
    "isTemplate": false,
    "count": 0,
    "updated": 0
  },
  {
    "id": "4c1abb83-fc88-4606-8e9a-559a209107e4",
    "data": [
      {
        "text": "это приводит меня в трепет",
        "userDefined": false
      }
    ],
    "isTemplate": false,
    "count": 0,
    "updated": 0
  }
]