[
  {
    "id": "6e51154f-adf0-4371-a62c-0da0d84854ca",
    "data": [
      {
        "text": "тут я",
        "userDefined": false
      }
    ],
    "isTemplate": false,
    "count": 0,
    "updated": 1529616819
  },
  {
    "id": "bee4a107-b038-4208-8695-4948157d9acc",
    "data": [
      {
        "text": "я тут",
        "userDefined": false
      }
    ],
    "isTemplate": false,
    "count": 0,
    "updated": 1529616819
  },
  {
    "id": "6241f593-4b16-402e-93d4-1a2bf23fa48f",
    "data": [
      {
        "text": "я прямо здесь",
        "userDefined": false
      }
    ],
    "isTemplate": false,
    "count": 0,
    "updated": 1529616819
  },
  {
    "id": "8fa90381-ff77-42cf-9a14-abc1be848c3a",
    "data": [
      {
        "text": "я уже здесь",
        "userDefined": false
      }
    ],
    "isTemplate": false,
    "count": 0,
    "updated": 1529616819
  },
  {
    "id": "fd5c71b9-3573-45ae-9388-284c6c4a7c1c",
    "data": [
      {
        "text": "я здесь",
        "userDefined": false
      }
    ],
    "isTemplate": false,
    "count": 0,
    "updated": 1529616819
  },
  {
    "id": "afc1d366-2266-4734-8576-1f42189a35c9",
    "data": [
      {
        "text": "я нахожусь здесь",
        "userDefined": false
      }
    ],
    "isTemplate": false,
    "count": 0,
    "updated": 1529616819
  }
]