[
  {
    "id": "3a93190b-a3b3-4986-b554-4caa7d2f0794",
    "data": [
      {
        "text": "сколько мне ещё ждать",
        "userDefined": false
      }
    ],
    "isTemplate": false,
    "count": 0,
    "updated": 0
  },
  {
    "id": "050eb785-d7d6-43b4-9f40-0e070ea49896",
    "data": [
      {
        "text": "ожидаю",
        "userDefined": false
      }
    ],
    "isTemplate": false,
    "count": 0,
    "updated": 0
  },
  {
    "id": "13bbaf86-fcfa-4c44-b812-7489d88f5394",
    "data": [
      {
        "text": "я подожду",
        "userDefined": false
      }
    ],
    "isTemplate": false,
    "count": 0,
    "updated": 0
  },
  {
    "id": "410bebd3-1443-44d2-9d5c-e600dbd840e6",
    "data": [
      {
        "text": "всё ещё жду",
        "userDefined": false
      }
    ],
    "isTemplate": false,
    "count": 0,
    "updated": 0
  },
  {
    "id": "9af93d8d-7fbd-4b3a-97a3-03c957af70d0",
    "data": [
      {
        "text": "больше не могу ждать",
        "userDefined": false
      }
    ],
    "isTemplate": false,
    "count": 0,
    "updated": 0
  },
  {
    "id": "91a63f46-1579-406d-8e14-02391e2fdb30",
    "data": [
      {
        "text": "хорошо я подожду",
        "userDefined": false
      }
    ],
    "isTemplate": false,
    "count": 0,
    "updated": 0
  },
  {
    "id": "fd04353f-45df-43ca-9237-c00f2f0ac611",
    "data": [
      {
        "text": "я жду",
        "userDefined": false
      }
    ],
    "isTemplate": false,
    "count": 0,
    "updated": 0
  }
]