[
  {
    "id": "f0e7e374-2e1f-4fef-ad0a-de42137862e9",
    "data": [
      {
        "text": "страдаю от бессоницы",
        "userDefined": false
      }
    ],
    "isTemplate": false,
    "count": 0,
    "updated": 0
  },
  {
    "id": "64ffe5c3-1c63-46a6-ab36-4be650f7f767",
    "data": [
      {
        "text": "не могу заснуть",
        "userDefined": false
      }
    ],
    "isTemplate": false,
    "count": 0,
    "updated": 0
  },
  {
    "id": "db07388c-2312-4705-87e0-007644c34512",
    "data": [
      {
        "text": "не могу уснуть",
        "userDefined": false
      }
    ],
    "isTemplate": false,
    "count": 0,
    "updated": 0
  },
  {
    "id": "c3d97e59-36e0-4746-8942-fef2c83036c1",
    "data": [
      {
        "text": "бессонница",
        "userDefined": false
      }
    ],
    "isTemplate": false,
    "count": 0,
    "updated": 0
  },
  {
    "id": "901e59d4-0ab0-4ad9-9be5-eba2c01edb4f",
    "data": [
      {
        "text": "никак не могу уснуть",
        "userDefined": false
      }
    ],
    "isTemplate": false,
    "count": 0,
    "updated": 0
  },
  {
    "id": "b6193a07-ac72-4265-abb9-84895e226d18",
    "data": [
      {
        "text": "не могу выспаться",
        "userDefined": false
      }
    ],
    "isTemplate": false,
    "count": 0,
    "updated": 0
  }
]