[
  {
    "id": "54677915-70d7-4e81-85f7-0c052cf7db59",
    "data": [
      {
        "text": "хочу поговорить с тобой",
        "userDefined": false
      }
    ],
    "isTemplate": false,
    "count": 0,
    "updated": 0
  },
  {
    "id": "bd65fc6c-ffbf-4b03-be67-8e2d96b80872",
    "data": [
      {
        "text": "могу я поговорить с тобой",
        "userDefined": false
      }
    ],
    "isTemplate": false,
    "count": 0,
    "updated": 0
  },
  {
    "id": "fccb2b4b-2b5d-469a-9f22-b86f6ad4e36f",
    "data": [
      {
        "text": "давай поговорим",
        "userDefined": false
      }
    ],
    "isTemplate": false,
    "count": 0,
    "updated": 0
  },
  {
    "id": "8db81295-7b1e-420e-bc05-183494d5366e",
    "data": [
      {
        "text": "мне нужно с тобой поговорить",
        "userDefined": false
      }
    ],
    "isTemplate": false,
    "count": 0,
    "updated": 0
  },
  {
    "id": "8fcf487a-cd44-45a8-815a-a5f2fe339bfc",
    "data": [
      {
        "text": "я хочу поговорить с тобой",
        "userDefined": false
      }
    ],
    "isTemplate": false,
    "count": 0,
    "updated": 0
  },
  {
    "id": "5b4c6ae2-b916-4f9b-a874-69b28ac428d5",
    "data": [
      {
        "text": "можем поговорить",
        "userDefined": false
      }
    ],
    "isTemplate": false,
    "count": 0,
    "updated": 0
  },
  {
    "id": "66b1bbaf-52c9-4116-9dd0-ac542739d594",
    "data": [
      {
        "text": "может поболтаем",
        "userDefined": false
      }
    ],
    "isTemplate": false,
    "count": 0,
    "updated": 0
  },
  {
    "id": "331a7f8d-3183-47e1-a836-7b1cb0fd131d",
    "data": [
      {
        "text": "хочешь поболтать",
        "userDefined": false
      }
    ],
    "isTemplate": false,
    "count": 0,
    "updated": 0
  }
]