[
  {
    "id": "321a28e4-b2d6-4dfe-a2d7-ae238c747120",
    "data": [
      {
        "text": "как же хочется спать",
        "userDefined": false
      }
    ],
    "isTemplate": false,
    "count": 0,
    "updated": 0
  },
  {
    "id": "8d66a324-e7ff-43d4-aa33-0f5168fcaf38",
    "data": [
      {
        "text": "я уже сплю",
        "userDefined": false
      }
    ],
    "isTemplate": false,
    "count": 0,
    "updated": 0
  },
  {
    "id": "5848eefa-39eb-4db4-beb2-0e6d8cf99579",
    "data": [
      {
        "text": "хочу спать",
        "userDefined": false
      }
    ],
    "isTemplate": false,
    "count": 0,
    "updated": 0
  },
  {
    "id": "5dd9c07c-d287-4d90-9cd7-14dfd89ba080",
    "data": [
      {
        "text": "я с ног валюсь",
        "userDefined": false
      }
    ],
    "isTemplate": false,
    "count": 0,
    "updated": 0
  },
  {
    "id": "4caf72fe-89a1-4303-97bc-0310c6a33bf7",
    "data": [
      {
        "text": "я заснула",
        "userDefined": false
      }
    ],
    "isTemplate": false,
    "count": 0,
    "updated": 0
  },
  {
    "id": "322c85dd-256d-46ed-abc6-585c3a7d634f",
    "data": [
      {
        "text": "хочется выспаться",
        "userDefined": false
      }
    ],
    "isTemplate": false,
    "count": 0,
    "updated": 0
  },
  {
    "id": "e35bf7ef-9aac-426a-a590-2a17916ec530",
    "data": [
      {
        "text": "я сонный",
        "userDefined": false
      }
    ],
    "isTemplate": false,
    "count": 0,
    "updated": 0
  },
  {
    "id": "68164acd-4f19-4eda-b192-a02d7e0c9648",
    "data": [
      {
        "text": "я очень сонный",
        "userDefined": false
      }
    ],
    "isTemplate": false,
    "count": 0,
    "updated": 0
  },
  {
    "id": "32bc6f50-d778-4a05-a6db-0e3083526a7f",
    "data": [
      {
        "text": "я засыпаю",
        "userDefined": false
      }
    ],
    "isTemplate": false,
    "count": 0,
    "updated": 0
  }
]