[
  {
    "id": "99d528b2-1c05-4080-9df4-2de5c4f5613d",
    "data": [
      {
        "text": "А погрустить",
        "userDefined": false
      }
    ],
    "isTemplate": false,
    "count": 0,
    "updated": 0
  },
  {
    "id": "8fea930a-1149-4112-b85c-5d079a2d42c1",
    "data": [
      {
        "text": "Грустный фильм",
        "userDefined": false
      }
    ],
    "isTemplate": false,
    "count": 0,
    "updated": 0
  },
  {
    "id": "4ce43e24-2330-4d8e-a04c-4417d015ef39",
    "data": [
      {
        "text": "((",
        "userDefined": false
      }
    ],
    "isTemplate": false,
    "count": 2,
    "updated": 0
  },
  {
    "id": "636f23c3-3cb6-4f67-a855-a609fefe68d1",
    "data": [
      {
        "text": "мне грустно",
        "userDefined": false
      }
    ],
    "isTemplate": false,
    "count": 2,
    "updated": 0
  },
  {
    "id": "b2b508bc-c766-4487-9ee4-09352ed667b0",
    "data": [
      {
        "text": "(",
        "userDefined": false
      }
    ],
    "isTemplate": false,
    "count": 0,
    "updated": 0
  },
  {
    "id": "fb663040-6402-4ee9-b0da-b86d2e487d60",
    "data": [
      {
        "text": "☹",
        "userDefined": false
      }
    ],
    "isTemplate": false,
    "count": 0,
    "updated": 0
  },
  {
    "id": "2873f8c1-0158-4e40-bc64-c909295ff478",
    "data": [
      {
        "text": "я горюю",
        "userDefined": false
      }
    ],
    "isTemplate": false,
    "count": 1,
    "updated": 0
  },
  {
    "id": "720e1910-4751-4c14-93af-fe29e7198028",
    "data": [
      {
        "text": "у меня был тяжелый день",
        "userDefined": false
      }
    ],
    "isTemplate": false,
    "count": 1,
    "updated": 0
  },
  {
    "id": "1179a235-6464-42bd-836a-63c82953e725",
    "data": [
      {
        "text": "я в депрессии",
        "userDefined": false
      }
    ],
    "isTemplate": false,
    "count": 0,
    "updated": 0
  },
  {
    "id": "80a7080a-16bb-4aea-9d7e-24427379deed",
    "data": [
      {
        "text": "хочу плакать",
        "userDefined": false
      }
    ],
    "isTemplate": false,
    "count": 0,
    "updated": 0
  },
  {
    "id": "7649ab55-5358-46cd-a3da-64191e0fe170",
    "data": [
      {
        "text": "я горевал",
        "userDefined": false
      }
    ],
    "isTemplate": false,
    "count": 0,
    "updated": 0
  },
  {
    "id": "c5704605-0f80-4ef4-b92f-0b49f06db734",
    "data": [
      {
        "text": "просто я грустил",
        "userDefined": false
      }
    ],
    "isTemplate": false,
    "count": 0,
    "updated": 0
  },
  {
    "id": "dbec28aa-d0c5-4b29-a9df-0bbf591c6406",
    "data": [
      {
        "text": "я расстроен",
        "userDefined": false
      }
    ],
    "isTemplate": false,
    "count": 0,
    "updated": 0
  },
  {
    "id": "e90c8600-83e3-49dd-b085-29ce681f8f77",
    "data": [
      {
        "text": "мне не радостно",
        "userDefined": false
      }
    ],
    "isTemplate": false,
    "count": 0,
    "updated": 0
  },
  {
    "id": "472ca734-146d-46f8-88da-15fd18b10b95",
    "data": [
      {
        "text": "я грущу",
        "userDefined": false
      }
    ],
    "isTemplate": false,
    "count": 0,
    "updated": 0
  }
]