[
  {
    "id": "1c4be414-b9d2-4dfe-a258-0017418d6d2e",
    "data": [
      {
        "text": "я вымотана",
        "userDefined": false
      }
    ],
    "isTemplate": false,
    "count": 0,
    "updated": 0
  },
  {
    "id": "aa752575-43e5-4661-b2c9-24e20b737500",
    "data": [
      {
        "text": "я измотан",
        "userDefined": false
      }
    ],
    "isTemplate": false,
    "count": 0,
    "updated": 0
  },
  {
    "id": "9753baf0-fc71-42fd-a596-9dcef2fd453f",
    "data": [
      {
        "text": "я жутко вымотался",
        "userDefined": false
      }
    ],
    "isTemplate": false,
    "count": 0,
    "updated": 0
  },
  {
    "id": "4fc0a77b-412a-4c47-94c6-e4142b936840",
    "data": [
      {
        "text": "я истощена",
        "userDefined": false
      }
    ],
    "isTemplate": false,
    "count": 0,
    "updated": 0
  },
  {
    "id": "4ab637cc-910e-4cc0-a6a7-50205680f141",
    "data": [
      {
        "text": "я изнурён",
        "userDefined": false
      }
    ],
    "isTemplate": false,
    "count": 0,
    "updated": 0
  },
  {
    "id": "c900661e-6c23-4144-a061-e418a6aad9c8",
    "data": [
      {
        "text": "я так устал",
        "userDefined": false
      }
    ],
    "isTemplate": false,
    "count": 0,
    "updated": 0
  },
  {
    "id": "8fbb2ab2-05f0-4415-8360-f5dcbe50c82a",
    "data": [
      {
        "text": "чувствую себя уставшим",
        "userDefined": false
      }
    ],
    "isTemplate": false,
    "count": 0,
    "updated": 0
  },
  {
    "id": "f5827677-e08c-41c2-aa1b-c5aaabc657a2",
    "data": [
      {
        "text": "я устал",
        "userDefined": false
      }
    ],
    "isTemplate": false,
    "count": 0,
    "updated": 0
  },
  {
    "id": "fc5ecb37-19cb-420c-a439-bff1bd426f43",
    "data": [
      {
        "text": "я устаю",
        "userDefined": false
      }
    ],
    "isTemplate": false,
    "count": 0,
    "updated": 0
  },
  {
    "id": "2132a3b0-83aa-4239-b93a-8eac31086684",
    "data": [
      {
        "text": "я опустошён",
        "userDefined": false
      }
    ],
    "isTemplate": false,
    "count": 0,
    "updated": 0
  }
]