[
  {
    "id": "3a7fdc75-d478-4939-be95-869f7fd3deb5",
    "data": [
      {
        "text": "[fq",
        "userDefined": false
      }
    ],
    "isTemplate": false,
    "count": 17,
    "updated": 0
  },
  {
    "id": "5808932a-c631-4b30-9f9a-5b720e3333f3",
    "data": [
      {
        "text": "ты что имела в виду",
        "userDefined": false
      }
    ],
    "isTemplate": false,
    "count": 0,
    "updated": 0
  },
  {
    "id": "44afdd3a-58b4-4df8-a7a4-022556e21160",
    "data": [
      {
        "text": "поясни что ты имела в виду",
        "userDefined": false
      }
    ],
    "isTemplate": false,
    "count": 0,
    "updated": 0
  },
  {
    "id": "fb49742e-8a58-47d6-9b83-a52f79322e03",
    "data": [
      {
        "text": "уточни о чём ты",
        "userDefined": false
      }
    ],
    "isTemplate": false,
    "count": 0,
    "updated": 0
  },
  {
    "id": "629b565a-5800-4888-8e96-2b9ed28e88d3",
    "data": [
      {
        "text": "что ты хочешь этим сказать",
        "userDefined": false
      }
    ],
    "isTemplate": false,
    "count": 0,
    "updated": 0
  },
  {
    "id": "0224d442-8a98-45a2-85ad-00978f8e5f1d",
    "data": [
      {
        "text": "ты это имела в виду",
        "userDefined": false
      }
    ],
    "isTemplate": false,
    "count": 0,
    "updated": 0
  },
  {
    "id": "ff460314-29ae-44a2-9afc-fac810f9356f",
    "data": [
      {
        "text": "поясни что ты хотел сказать",
        "userDefined": false
      }
    ],
    "isTemplate": false,
    "count": 0,
    "updated": 0
  },
  {
    "id": "9e9d5fa4-e13c-4e77-90c9-aa3ad75f7cb8",
    "data": [
      {
        "text": "что ты имеешь в виду",
        "userDefined": false
      }
    ],
    "isTemplate": false,
    "count": 1,
    "updated": 0
  }
]