[
  {
    "id": "c3dc436b-b52e-4aa3-8f19-180eb0d1cf80",
    "data": [
      {
        "text": "я спать",
        "userDefined": false
      }
    ],
    "isTemplate": false,
    "count": 0,
    "updated": 0
  },
  {
    "id": "d2120f56-0063-451e-a1c5-cbbca4e2ce04",
    "data": [
      {
        "text": "я устал и хочу спать",
        "userDefined": false
      }
    ],
    "isTemplate": false,
    "count": 0,
    "updated": 0
  },
  {
    "id": "7f954229-37b7-4712-9b9b-91676ffd8675",
    "data": [
      {
        "text": "время ложиться спать",
        "userDefined": false
      }
    ],
    "isTemplate": false,
    "count": 0,
    "updated": 0
  },
  {
    "id": "4a12abad-fca0-4595-818f-9227f723600b",
    "data": [
      {
        "text": "отбой",
        "userDefined": false
      }
    ],
    "isTemplate": false,
    "count": 0,
    "updated": 0
  },
  {
    "id": "bec7f5e9-04c9-4796-9d71-36fb72f61fc3",
    "data": [
      {
        "text": "пора спать",
        "userDefined": false
      }
    ],
    "isTemplate": false,
    "count": 0,
    "updated": 0
  },
  {
    "id": "3e34443b-879e-4002-9662-65984d754c43",
    "data": [
      {
        "text": "уже пора спать да",
        "userDefined": false
      }
    ],
    "isTemplate": false,
    "count": 0,
    "updated": 0
  },
  {
    "id": "8d4dc3ba-74d0-43fc-b517-72ec6064c606",
    "data": [
      {
        "text": "время сна",
        "userDefined": false
      }
    ],
    "isTemplate": false,
    "count": 0,
    "updated": 0
  },
  {
    "id": "c8f96665-419e-4c33-bcb8-a8f85face32c",
    "data": [
      {
        "text": "я спать доброй ночи",
        "userDefined": false
      }
    ],
    "isTemplate": false,
    "count": 0,
    "updated": 0
  },
  {
    "id": "7158f5e1-f575-4cd2-9cfe-d3f8188af3e6",
    "data": [
      {
        "text": "нам пора ложиться спать",
        "userDefined": false
      }
    ],
    "isTemplate": false,
    "count": 0,
    "updated": 0
  },
  {
    "id": "65014d45-49dd-4439-a119-56f6d0466ea5",
    "data": [
      {
        "text": "я уже засыпаю",
        "userDefined": false
      }
    ],
    "isTemplate": false,
    "count": 0,
    "updated": 0
  }
]