[
  {
    "id": "45f0734a-d4ed-4ca1-8b35-6897540f8245",
    "data": [
      {
        "text": "я пошутил",
        "userDefined": false
      }
    ],
    "isTemplate": false,
    "count": 0,
    "updated": 0
  },
  {
    "id": "c2a6d137-cd6a-40dc-b0d5-3f066e42d88d",
    "data": [
      {
        "text": "я просто пошутила",
        "userDefined": false
      }
    ],
    "isTemplate": false,
    "count": 0,
    "updated": 0
  },
  {
    "id": "f893f963-a893-4955-b5f7-da77b53a9b1b",
    "data": [
      {
        "text": "шучу",
        "userDefined": false
      }
    ],
    "isTemplate": false,
    "count": 0,
    "updated": 0
  },
  {
    "id": "565708a4-52c7-4fd9-ba2f-a80df3e3bbd6",
    "data": [
      {
        "text": "это шуточка",
        "userDefined": false
      }
    ],
    "isTemplate": false,
    "count": 0,
    "updated": 0
  },
  {
    "id": "af7000b8-abf3-46a3-97e1-93e52a023e04",
    "data": [
      {
        "text": "это была шутка",
        "userDefined": false
      }
    ],
    "isTemplate": false,
    "count": 0,
    "updated": 0
  },
  {
    "id": "c94758f0-1fa0-4484-a3c9-77d3df8fb85d",
    "data": [
      {
        "text": "я шучу",
        "userDefined": false
      }
    ],
    "isTemplate": false,
    "count": 0,
    "updated": 0
  },
  {
    "id": "457c7480-227b-4194-aa02-1aeddf0adc2d",
    "data": [
      {
        "text": "шутки шуточки",
        "userDefined": false
      }
    ],
    "isTemplate": false,
    "count": 0,
    "updated": 0
  },
  {
    "id": "2246f6bf-42ae-4b74-8768-c96a1a4b2cb5",
    "data": [
      {
        "text": "одурачил тебя",
        "userDefined": false
      }
    ],
    "isTemplate": false,
    "count": 0,
    "updated": 0
  },
  {
    "id": "c9da9efa-ef7e-481c-b181-d65b8bd12bbb",
    "data": [
      {
        "text": "я просто игрался с тобой",
        "userDefined": false
      }
    ],
    "isTemplate": false,
    "count": 0,
    "updated": 0
  },
  {
    "id": "f160353e-daee-465d-9bb6-067a8c2bb0f2",
    "data": [
      {
        "text": "я тебя разыграл",
        "userDefined": false
      }
    ],
    "isTemplate": false,
    "count": 0,
    "updated": 0
  },
  {
    "id": "c62b6f27-e702-47cd-b54d-4fe7f1136f82",
    "data": [
      {
        "text": "подшутила над тобой",
        "userDefined": false
      }
    ],
    "isTemplate": false,
    "count": 0,
    "updated": 0
  }
]