[
  {
    "id": "dd0f5742-bc86-4691-b20d-5a708d9ab2b4",
    "data": [
      {
        "text": "можно тебя потестировать",
        "userDefined": false
      }
    ],
    "isTemplate": false,
    "count": 0,
    "updated": 0
  },
  {
    "id": "05933c02-e621-4f37-93e7-72b42730fa67",
    "data": [
      {
        "text": "хочу тебя потестировать",
        "userDefined": false
      }
    ],
    "isTemplate": false,
    "count": 0,
    "updated": 0
  },
  {
    "id": "fa2480e2-5c62-4029-8624-f3fe176117f6",
    "data": [
      {
        "text": "тестирую",
        "userDefined": false
      }
    ],
    "isTemplate": false,
    "count": 0,
    "updated": 0
  },
  {
    "id": "532c89fd-6318-4ace-9180-c1af829fd209",
    "data": [
      {
        "text": "тестирую бота",
        "userDefined": false
      }
    ],
    "isTemplate": false,
    "count": 0,
    "updated": 0
  },
  {
    "id": "9b11f42c-3d4f-4870-a7f2-e5c83903e25b",
    "data": [
      {
        "text": "тест",
        "meta": "@sys.ignore",
        "userDefined": false
      }
    ],
    "isTemplate": false,
    "count": 0,
    "updated": 0
  },
  {
    "id": "261fcfaf-8504-4854-be88-10c65affaccc",
    "data": [
      {
        "text": "просто тестирую",
        "userDefined": false
      }
    ],
    "isTemplate": false,
    "count": 0,
    "updated": 0
  },
  {
    "id": "e345dbd8-7a48-4152-9a87-9ef08dee9d15",
    "data": [
      {
        "text": "позволь тебя протестировать",
        "userDefined": false
      }
    ],
    "isTemplate": false,
    "count": 0,
    "updated": 0
  },
  {
    "id": "158be9a1-48a4-4914-937f-6851594be1bf",
    "data": [
      {
        "text": "я тебя проверяю",
        "userDefined": false
      }
    ],
    "isTemplate": false,
    "count": 0,
    "updated": 0
  },
  {
    "id": "d285c39f-b137-474d-bc49-6fcebae8238e",
    "data": [
      {
        "text": "тестирую тебя",
        "userDefined": false
      }
    ],
    "isTemplate": false,
    "count": 0,
    "updated": 0
  }
]