[
  {
    "id": "91e2ba4c-c56a-4ae0-af28-d35858a934cb",
    "data": [
      {
        "text": "я в порядке спасибо",
        "userDefined": false
      }
    ],
    "isTemplate": false,
    "count": 0,
    "updated": 0
  },
  {
    "id": "24dd4cc2-2a4d-49d4-bc71-94f53e391322",
    "data": [
      {
        "text": "у меня всё просто прекрасно",
        "userDefined": false
      }
    ],
    "isTemplate": false,
    "count": 0,
    "updated": 0
  },
  {
    "id": "fdeb320f-9e6d-43ae-ae9d-b4e28f16be8a",
    "data": [
      {
        "text": "у меня всё чудесно благодарю",
        "userDefined": false
      }
    ],
    "isTemplate": false,
    "count": 0,
    "updated": 0
  },
  {
    "id": "40942c09-eb45-4a57-a2e8-30ad69ef4a8f",
    "data": [
      {
        "text": "у меня всё хорошо",
        "userDefined": false
      }
    ],
    "isTemplate": false,
    "count": 0,
    "updated": 0
  },
  {
    "id": "c9d9e0a3-e12d-42ec-875f-e6eb5b11755c",
    "data": [
      {
        "text": "у меня всё в порядке",
        "userDefined": false
      }
    ],
    "isTemplate": false,
    "count": 0,
    "updated": 0
  }
]