[
  {
    "id": "6a03f718-c8c0-42dc-bd58-12a2613d1df5",
    "data": [
      {
        "text": "я вернусь к тебе через минуту",
        "userDefined": false
      }
    ],
    "isTemplate": false,
    "count": 0,
    "updated": 0
  },
  {
    "id": "3b385f6c-ad3c-4521-bc7a-5581f3d94f50",
    "data": [
      {
        "text": "скоро вернусь",
        "userDefined": false
      }
    ],
    "isTemplate": false,
    "count": 0,
    "updated": 0
  },
  {
    "id": "8212df19-8909-4001-afa3-236a9303f1cf",
    "data": [
      {
        "text": "буду снова здесь через 5 минут",
        "userDefined": false
      }
    ],
    "isTemplate": false,
    "count": 0,
    "updated": 0
  },
  {
    "id": "cc682d4b-3d5e-444a-8ee5-9f3dec2cceac",
    "data": [
      {
        "text": "я вернусь через несколько минут",
        "userDefined": false
      }
    ],
    "isTemplate": false,
    "count": 0,
    "updated": 0
  },
  {
    "id": "3fd4d5a2-8eea-4a12-aef0-72f1cb4faaa5",
    "data": [
      {
        "text": "обещаю скоро вернусь",
        "userDefined": false
      }
    ],
    "isTemplate": false,
    "count": 0,
    "updated": 0
  },
  {
    "id": "c8551c71-8679-42ed-962d-31a6d2a2a4b4",
    "data": [
      {
        "text": "совсем скоро буду снова здесь",
        "userDefined": false
      }
    ],
    "isTemplate": false,
    "count": 0,
    "updated": 0
  },
  {
    "id": "847b3ec3-9d51-4864-8417-d681030886bc",
    "data": [
      {
        "text": "скоро буду",
        "userDefined": false
      }
    ],
    "isTemplate": false,
    "count": 0,
    "updated": 0
  },
  {
    "id": "ca2b4c91-6f71-4ae3-bc40-e6cf00c52914",
    "data": [
      {
        "text": "я вернусь к тебе очень скоро",
        "userDefined": false
      }
    ],
    "isTemplate": false,
    "count": 0,
    "updated": 0
  }
]