[
  {
    "id": "307f603d-6671-4703-a16f-2d2bb31f5eea",
    "data": [
      {
        "text": "мне скучно",
        "userDefined": false
      }
    ],
    "isTemplate": false,
    "count": 0,
    "updated": 0
  },
  {
    "id": "888abf17-57ef-4044-b28a-792e62d63163",
    "data": [
      {
        "text": "это скучно",
        "userDefined": false
      }
    ],
    "isTemplate": false,
    "count": 0,
    "updated": 0
  },
  {
    "id": "450d9eec-ee44-4fd2-a7bb-d3f431af3541",
    "data": [
      {
        "text": "скукотища",
        "userDefined": false
      }
    ],
    "isTemplate": false,
    "count": 0,
    "updated": 0
  },
  {
    "id": "2a523dff-d2c6-4300-bf24-f911ab6f2929",
    "data": [
      {
        "text": "мне это наскучило",
        "userDefined": false
      }
    ],
    "isTemplate": false,
    "count": 0,
    "updated": 0
  },
  {
    "id": "22cf6255-74dd-4b48-9c02-a6fc196af713",
    "data": [
      {
        "text": "скука",
        "userDefined": false
      }
    ],
    "isTemplate": false,
    "count": 0,
    "updated": 0
  },
  {
    "id": "79092f7b-545f-4dde-9fee-ed367057ba49",
    "data": [
      {
        "text": "очень скучно",
        "userDefined": false
      }
    ],
    "isTemplate": false,
    "count": 0,
    "updated": 0
  },
  {
    "id": "1b6904c7-c894-494d-8893-0c1211f0834a",
    "data": [
      {
        "text": "ты",
        "meta": "@sys.ignore",
        "userDefined": false
      },
      {
        "text": " скучная",
        "userDefined": false
      }
    ],
    "isTemplate": false,
    "count": 0,
    "updated": 0
  },
  {
    "id": "9e9718f9-446a-42f3-817d-07054c58675a",
    "data": [
      {
        "text": "ты мне наскучил",
        "userDefined": false
      }
    ],
    "isTemplate": false,
    "count": 0,
    "updated": 0
  }
]