[
  {
    "id": "843c95a8-1b90-4673-9e75-56dd9f17f7ff",
    "data": [
      {
        "text": "я чувствую себя одиноким",
        "userDefined": false
      }
    ],
    "isTemplate": false,
    "count": 0,
    "updated": 0
  },
  {
    "id": "eeee3065-7ea8-4b7e-a4b1-3f3cbe02716f",
    "data": [
      {
        "text": "мне одиноко",
        "userDefined": false
      }
    ],
    "isTemplate": false,
    "count": 0,
    "updated": 0
  },
  {
    "id": "8fac7236-48c2-4d60-979b-ee07794fd154",
    "data": [
      {
        "text": "чувствую себя одиноко",
        "userDefined": false
      }
    ],
    "isTemplate": false,
    "count": 0,
    "updated": 0
  },
  {
    "id": "a1463a77-c2f1-45f8-a5c9-837904592de5",
    "data": [
      {
        "text": "мне так одиноко",
        "userDefined": false
      }
    ],
    "isTemplate": false,
    "count": 0,
    "updated": 0
  },
  {
    "id": "deca931b-7d41-4628-9253-ec41fc43232d",
    "data": [
      {
        "text": "чувствую одиночество",
        "userDefined": false
      }
    ],
    "isTemplate": false,
    "count": 0,
    "updated": 0
  },
  {
    "id": "1d0a76f9-421b-400d-8d17-c66d3fc20fca",
    "data": [
      {
        "text": "я ощущаю себя одиноким",
        "userDefined": false
      }
    ],
    "isTemplate": false,
    "count": 0,
    "updated": 0
  },
  {
    "id": "688396ae-4586-42bc-ad0d-b15391bcd890",
    "data": [
      {
        "text": "мне действительно одиноко",
        "userDefined": false
      }
    ],
    "isTemplate": false,
    "count": 0,
    "updated": 0
  },
  {
    "id": "7c667db3-6924-4227-98be-2f6bea7ff71b",
    "data": [
      {
        "text": "я чувствую себя таким одиноким",
        "userDefined": false
      }
    ],
    "isTemplate": false,
    "count": 0,
    "updated": 0
  }
]