[
  {
    "id": "3ed36a3f-2071-4900-ac6e-4759eca14c9a",
    "data": [
      {
        "text": "у меня дела",
        "userDefined": false
      }
    ],
    "isTemplate": false,
    "count": 0,
    "updated": 0
  },
  {
    "id": "3189e8ef-235e-4f1c-a363-ee446159294d",
    "data": [
      {
        "text": "я поглощен работой",
        "userDefined": false
      }
    ],
    "isTemplate": false,
    "count": 0,
    "updated": 0
  },
  {
    "id": "26cdc47a-1a9f-4244-a3e6-f182af10391f",
    "data": [
      {
        "text": "пора заняться работой",
        "userDefined": false
      }
    ],
    "isTemplate": false,
    "count": 0,
    "updated": 0
  },
  {
    "id": "3981628b-32b9-4b54-8ec1-66e2e4cb6e97",
    "data": [
      {
        "text": "я очень занят",
        "userDefined": false
      }
    ],
    "isTemplate": false,
    "count": 0,
    "updated": 0
  },
  {
    "id": "86498730-42bd-423e-8f17-f094d7232afe",
    "data": [
      {
        "text": "я занят",
        "userDefined": false
      }
    ],
    "isTemplate": false,
    "count": 0,
    "updated": 0
  },
  {
    "id": "e91b357a-3ee7-43ce-8b97-fc044ef1111d",
    "data": [
      {
        "text": "я работаю",
        "userDefined": false
      }
    ],
    "isTemplate": false,
    "count": 0,
    "updated": 0
  },
  {
    "id": "5efc44f5-7108-4884-bb1c-e5ca4dd8771c",
    "data": [
      {
        "text": "на это нет времени",
        "userDefined": false
      }
    ],
    "isTemplate": false,
    "count": 0,
    "updated": 0
  }
]