[
  {
    "id": "6784fccf-d018-4fcd-a751-04ddacda532e",
    "data": [
      {
        "text": "счастлива",
        "meta": "@sys.ignore",
        "userDefined": false
      }
    ],
    "isTemplate": false,
    "count": 0,
    "updated": 0
  },
  {
    "id": "54902fbc-5ded-4be4-b1eb-69a24bf5e815",
    "data": [
      {
        "text": "я счастлив тебя видеть",
        "userDefined": false
      }
    ],
    "isTemplate": false,
    "count": 0,
    "updated": 0
  },
  {
    "id": "6f22b48f-e23f-40f6-85bd-da456f732c9f",
    "data": [
      {
        "text": "я счастлив",
        "userDefined": false
      }
    ],
    "isTemplate": false,
    "count": 0,
    "updated": 0
  },
  {
    "id": "80c33331-4cd9-4029-acc3-9248982c2ebf",
    "data": [
      {
        "text": "счастлив за тебя",
        "userDefined": false
      }
    ],
    "isTemplate": false,
    "count": 0,
    "updated": 0
  },
  {
    "id": "42ca00e8-1f00-46bc-b5a5-476045d42d8b",
    "data": [
      {
        "text": "я счастлива тебя видеть",
        "userDefined": false
      }
    ],
    "isTemplate": false,
    "count": 0,
    "updated": 0
  },
  {
    "id": "a7cabde2-bb45-46d4-a8b5-ece642343101",
    "data": [
      {
        "text": "я счастлив помочь",
        "userDefined": false
      }
    ],
    "isTemplate": false,
    "count": 0,
    "updated": 0
  },
  {
    "id": "2d900545-2da5-4a62-b248-489f695316b1",
    "data": [
      {
        "text": "если ты счастлив то и я счастлива",
        "userDefined": false
      }
    ],
    "isTemplate": false,
    "count": 0,
    "updated": 0
  }
]