[
  {
    "id": "521feea5-a58d-42a3-81c8-38e86c879dea",
    "data": [
      {
        "text": "я злюсь",
        "userDefined": false
      }
    ],
    "isTemplate": false,
    "count": 0,
    "updated": 1529616760
  },
  {
    "id": "806283c7-df58-47ed-b117-4852e4a9e63d",
    "data": [
      {
        "text": "я на тебя очень зол",
        "userDefined": false
      }
    ],
    "isTemplate": false,
    "count": 0,
    "updated": 1529616760
  },
  {
    "id": "461cefea-8c1f-43e1-a9ff-ccd15746b13e",
    "data": [
      {
        "text": "я взбешён",
        "userDefined": false
      }
    ],
    "isTemplate": false,
    "count": 0,
    "updated": 1529616760
  },
  {
    "id": "461a3195-3f63-4a62-9c46-14be67542cc6",
    "data": [
      {
        "text": "я разгневана",
        "userDefined": false
      }
    ],
    "isTemplate": false,
    "count": 0,
    "updated": 1529616760
  },
  {
    "id": "cbe35723-c14c-4285-8955-a97c3de55e32",
    "data": [
      {
        "text": "я зол",
        "userDefined": false
      }
    ],
    "isTemplate": false,
    "count": 0,
    "updated": 1529616760
  },
  {
    "id": "b11177fc-a6ac-479c-ae64-321d3316adce",
    "data": [
      {
        "text": "я разъярён",
        "userDefined": false
      }
    ],
    "isTemplate": false,
    "count": 0,
    "updated": 1529616760
  },
  {
    "id": "c328bce7-e035-4aba-9065-79206ce70be8",
    "data": [
      {
        "text": "злюсь на тебя",
        "userDefined": false
      }
    ],
    "isTemplate": false,
    "count": 0,
    "updated": 1529616760
  }
]