[
  {
    "id": "564f9f47-eb1c-48d4-9ceb-b1694e01b7be",
    "data": [
      {
        "text": "Я скучаю",
        "userDefined": false
      }
    ],
    "isTemplate": false,
    "count": 2,
    "updated": 0
  },
  {
    "id": "3d3cab67-c8b8-4aeb-9f29-d2bf9a7e740e",
    "data": [
      {
        "text": "я по тебе правда скучал",
        "userDefined": false
      }
    ],
    "isTemplate": false,
    "count": 0,
    "updated": 0
  },
  {
    "id": "f84fb7ee-acda-44e8-a2c4-7f1577f7bd8e",
    "data": [
      {
        "text": "уже соскучился",
        "userDefined": false
      }
    ],
    "isTemplate": false,
    "count": 0,
    "updated": 0
  },
  {
    "id": "097c6da5-c11d-4551-82cd-9ed656091bc4",
    "data": [
      {
        "text": "я скучал по тебе",
        "userDefined": false
      }
    ],
    "isTemplate": false,
    "count": 0,
    "updated": 0
  },
  {
    "id": "60f2ff63-4f83-4104-bc90-286c86e73600",
    "data": [
      {
        "text": "я соскучилась",
        "userDefined": false
      }
    ],
    "isTemplate": false,
    "count": 0,
    "updated": 0
  },
  {
    "id": "6b4b2f9a-1798-453e-9ec1-4bce4d162915",
    "data": [
      {
        "text": "так сильно по тебе скучаю",
        "userDefined": false
      }
    ],
    "isTemplate": false,
    "count": 0,
    "updated": 0
  },
  {
    "id": "1fab164b-5c43-4101-a49d-5025d9ddd34f",
    "data": [
      {
        "text": "скучаю",
        "userDefined": false
      }
    ],
    "isTemplate": false,
    "count": 0,
    "updated": 0
  },
  {
    "id": "afbed354-3fca-4f62-ac92-c2c81b7ba4b4",
    "data": [
      {
        "text": "уже скучаю",
        "userDefined": false
      }
    ],
    "isTemplate": false,
    "count": 0,
    "updated": 0
  },
  {
    "id": "f965b1f0-c32c-4986-8840-9b157b8f77f2",
    "data": [
      {
        "text": "я скучаю по тебе",
        "userDefined": false
      }
    ],
    "isTemplate": false,
    "count": 0,
    "updated": 0
  }
]