[
  {
    "id": "2cafe4cc-94ab-46a1-a5d0-ef90016aa0ec",
    "data": [
      {
        "text": "это мой день рождения",
        "userDefined": false
      }
    ],
    "isTemplate": false,
    "count": 0,
    "updated": 0
  },
  {
    "id": "27627ab5-60ae-428b-a93d-37bc94c2d4c9",
    "data": [
      {
        "text": "у меня ",
        "userDefined": false
      },
      {
        "text": "сегодня",
        "meta": "@sys.ignore",
        "userDefined": false
      },
      {
        "text": " ",
        "userDefined": false
      },
      {
        "text": "день",
        "meta": "@sys.ignore",
        "userDefined": false
      },
      {
        "text": " рождения",
        "userDefined": false
      }
    ],
    "isTemplate": false,
    "count": 0,
    "updated": 0
  },
  {
    "id": "f5d18736-bb5e-4b00-b013-4ada6e3f71fd",
    "data": [
      {
        "text": "мой день рождения сегодня",
        "userDefined": false
      }
    ],
    "isTemplate": false,
    "count": 0,
    "updated": 0
  },
  {
    "id": "a0beca4c-03b3-4172-be35-a1589c44d74e",
    "data": [
      {
        "text": "сегодня я праздную свой день рождения",
        "userDefined": false
      }
    ],
    "isTemplate": false,
    "count": 0,
    "updated": 0
  },
  {
    "id": "169535c9-3446-4f01-a987-771f48afdcf0",
    "data": [
      {
        "text": "сегодня у меня день рождения",
        "userDefined": false
      }
    ],
    "isTemplate": false,
    "count": 0,
    "updated": 0
  },
  {
    "id": "e6db8511-8a37-43da-a858-199129b94bac",
    "data": [
      {
        "text": "в этот день я родился",
        "userDefined": false
      }
    ],
    "isTemplate": false,
    "count": 0,
    "updated": 0
  },
  {
    "id": "72597d94-ba49-4dd5-b2a1-28d7202fc4c4",
    "data": [
      {
        "text": "праздную свой день рождения",
        "userDefined": false
      }
    ],
    "isTemplate": false,
    "count": 0,
    "updated": 0
  }
]