[
  {
    "id": "f035b064-b33f-4add-b19e-a9ddae568660",
    "data": [
      {
        "text": "где ты работаешь",
        "userDefined": false
      }
    ],
    "isTemplate": false,
    "count": 0,
    "updated": 0
  },
  {
    "id": "0c51e6d6-935a-4434-9a96-5fa135c6534c",
    "data": [
      {
        "text": "где твой офис",
        "userDefined": false
      }
    ],
    "isTemplate": false,
    "count": 0,
    "updated": 0
  },
  {
    "id": "9d5360bb-3c3c-4f45-9741-f58cd5f6daed",
    "data": [
      {
        "text": "где работаешь",
        "userDefined": false
      }
    ],
    "isTemplate": false,
    "count": 0,
    "updated": 0
  },
  {
    "id": "aa3c1812-aef7-4845-808f-03ed459ed629",
    "data": [
      {
        "text": "где располагается твой офис",
        "userDefined": false
      }
    ],
    "isTemplate": false,
    "count": 0,
    "updated": 0
  },
  {
    "id": "ac797ddf-2e5f-4a9a-a32b-057e72d8219e",
    "data": [
      {
        "text": "где твоя работа",
        "userDefined": false
      }
    ],
    "isTemplate": false,
    "count": 0,
    "updated": 0
  },
  {
    "id": "562c487c-82f5-429e-b4f1-86ee4540f2e7",
    "data": [
      {
        "text": "где расположен твой офис",
        "userDefined": false
      }
    ],
    "isTemplate": false,
    "count": 0,
    "updated": 0
  },
  {
    "id": "654c8299-9712-4230-a3af-3c804af86afd",
    "data": [
      {
        "text": "расположение твоего офиса",
        "userDefined": false
      }
    ],
    "isTemplate": false,
    "count": 0,
    "updated": 0
  }
]