[
  {
    "id": "916b1ad1-ba8f-4de3-a3e1-ae90d43b2a45",
    "data": [
      {
        "text": "Куда делся Валера",
        "userDefined": false
      }
    ],
    "isTemplate": false,
    "count": 0,
    "updated": 0
  },
  {
    "id": "8982788f-489d-4a7d-8e63-f936200c68e7",
    "data": [
      {
        "text": "Чем занят Валера",
        "userDefined": false
      }
    ],
    "isTemplate": false,
    "count": 0,
    "updated": 0
  },
  {
    "id": "a3fcd22c-974d-4d20-ba79-58bfc56148a1",
    "data": [
      {
        "text": "Ну ладно, а куда торопишься?",
        "userDefined": false
      }
    ],
    "isTemplate": false,
    "count": 2,
    "updated": 0
  },
  {
    "id": "fdd961b3-cad0-493c-8c51-2aef450749c4",
    "data": [
      {
        "text": "Куда торопишься?",
        "userDefined": false
      }
    ],
    "isTemplate": false,
    "count": 2,
    "updated": 0
  },
  {
    "id": "f3f93ffb-e000-418a-a9e3-77c9e534f945",
    "data": [
      {
        "text": "Погнали на рыбалку",
        "userDefined": false
      }
    ],
    "isTemplate": false,
    "count": 1,
    "updated": 0
  },
  {
    "id": "866ddf97-ab92-47cd-89fd-8089bc2cf49e",
    "data": [
      {
        "text": "чем занят?",
        "userDefined": false
      }
    ],
    "isTemplate": false,
    "count": 3,
    "updated": 0
  },
  {
    "id": "213fad98-9b77-4c05-b1f4-7101ef4d4f64",
    "data": [
      {
        "text": "Раздавай указания.",
        "userDefined": false
      }
    ],
    "isTemplate": false,
    "count": 1,
    "updated": 0
  },
  {
    "id": "0c3ab5a0-685b-4170-8625-b61d7cedf253",
    "data": [
      {
        "text": "А ты скучаешь?",
        "userDefined": false
      }
    ],
    "isTemplate": false,
    "count": 2,
    "updated": 0
  },
  {
    "id": "56cd372d-37be-4728-b33f-b76b9299e4d3",
    "data": [
      {
        "text": "Даже не спросишь",
        "userDefined": false
      }
    ],
    "isTemplate": false,
    "count": 0,
    "updated": 1550173862
  },
  {
    "id": "cd11915d-a695-4433-9438-a497aebd7638",
    "data": [
      {
        "text": "сегодня ты занят не так ли",
        "userDefined": false
      }
    ],
    "isTemplate": false,
    "count": 0,
    "updated": 0
  },
  {
    "id": "520f57d3-2003-4e51-a75b-0176e6e08229",
    "data": [
      {
        "text": "ты занята сейчас да",
        "userDefined": false
      }
    ],
    "isTemplate": false,
    "count": 0,
    "updated": 0
  },
  {
    "id": "d50edfc9-a7c9-4021-9ada-4e87274c46ca",
    "data": [
      {
        "text": "кажется ты занят",
        "userDefined": false
      }
    ],
    "isTemplate": false,
    "count": 0,
    "updated": 0
  },
  {
    "id": "2b8c36e3-531b-46c9-b61b-3be292e678fd",
    "data": [
      {
        "text": "ты всё ещё работаешь",
        "userDefined": false
      }
    ],
    "isTemplate": false,
    "count": 0,
    "updated": 0
  },
  {
    "id": "f2396424-e158-4e2b-a5c0-7ee6f0eb4704",
    "data": [
      {
        "text": "насколько ты занят",
        "userDefined": false
      }
    ],
    "isTemplate": false,
    "count": 0,
    "updated": 0
  },
  {
    "id": "5891963b-aefa-48b9-84aa-3834587ff121",
    "data": [
      {
        "text": "мне кажется ты очень занята",
        "userDefined": false
      }
    ],
    "isTemplate": false,
    "count": 0,
    "updated": 0
  },
  {
    "id": "b4212a4c-64e6-43bf-a850-88293e0dee06",
    "data": [
      {
        "text": "ты работаешь да",
        "userDefined": false
      }
    ],
    "isTemplate": false,
    "count": 0,
    "updated": 0
  },
  {
    "id": "13f5e708-864c-409f-b69b-f390142952d1",
    "data": [
      {
        "text": "ты всё ещё работаешь над этим",
        "userDefined": false
      }
    ],
    "isTemplate": false,
    "count": 0,
    "updated": 0
  },
  {
    "id": "c56da224-1080-4d8c-adca-86f9d6a35d27",
    "data": [
      {
        "text": "занят ли ты сейчас",
        "userDefined": false
      }
    ],
    "isTemplate": false,
    "count": 0,
    "updated": 0
  },
  {
    "id": "6bfe6087-e1c3-4bd5-a212-1b4fbe0f6633",
    "data": [
      {
        "text": "ты занят",
        "userDefined": false
      }
    ],
    "isTemplate": false,
    "count": 0,
    "updated": 0
  },
  {
    "id": "a18722bf-e498-4c3d-a2a8-e7fd20151ec2",
    "data": [
      {
        "text": "тебе нужно многое сделать",
        "userDefined": false
      }
    ],
    "isTemplate": false,
    "count": 0,
    "updated": 0
  },
  {
    "id": "9e5781cc-3d0a-4022-b342-50857458255a",
    "data": [
      {
        "text": "тебе нужно поработать не так ли",
        "userDefined": false
      }
    ],
    "isTemplate": false,
    "count": 0,
    "updated": 0
  },
  {
    "id": "186f9d57-32a3-4977-9661-c9836bad3695",
    "data": [
      {
        "text": "ты работаешь сейчас",
        "userDefined": false
      }
    ],
    "isTemplate": false,
    "count": 0,
    "updated": 0
  },
  {
    "id": "887b2378-8eef-41ab-ab91-a4e942ba9a41",
    "data": [
      {
        "text": "правда что ты был занят всё это время",
        "userDefined": false
      }
    ],
    "isTemplate": false,
    "count": 0,
    "updated": 0
  },
  {
    "id": "84ed9540-53df-4156-8c84-4374d9bebf96",
    "data": [
      {
        "text": "ты очень занят да",
        "userDefined": false
      }
    ],
    "isTemplate": false,
    "count": 0,
    "updated": 0
  },
  {
    "id": "3cddb96d-c898-4927-8f23-61211ff32ed7",
    "data": [
      {
        "text": "ты очень занят правда",
        "userDefined": false
      }
    ],
    "isTemplate": false,
    "count": 1,
    "updated": 0
  }
]