[
  {
    "id": "da44db82-0884-49fa-8ebe-f77608807ab3",
    "data": [
      {
        "text": "Как тебя зовут?",
        "userDefined": false
      }
    ],
    "isTemplate": false,
    "count": 14,
    "updated": 0
  },
  {
    "id": "d31b45a1-31ab-4784-a50b-59385255b8fa",
    "data": [
      {
        "text": "А как же JD",
        "userDefined": false
      }
    ],
    "isTemplate": false,
    "count": 4,
    "updated": 0
  },
  {
    "id": "994145b3-dba1-4ef4-8667-b412c756310a",
    "data": [
      {
        "text": "Jd",
        "userDefined": false
      }
    ],
    "isTemplate": false,
    "count": 4,
    "updated": 0
  },
  {
    "id": "3ede9dbf-5813-4d33-afa3-a2d303e1ae22",
    "data": [
      {
        "text": "Нет, я - Бэтмен",
        "userDefined": false
      }
    ],
    "isTemplate": false,
    "count": 0,
    "updated": 0
  },
  {
    "id": "a17c34d4-cd6d-47b5-9c99-c0e707cf9b9f",
    "data": [
      {
        "text": "Я тебя запустил)))",
        "userDefined": false
      }
    ],
    "isTemplate": false,
    "count": 0,
    "updated": 0
  },
  {
    "id": "f0b60eb4-7aa5-4702-8a5f-4fa2677483cf",
    "data": [
      {
        "text": "Я - Дэдпул",
        "userDefined": false
      }
    ],
    "isTemplate": false,
    "count": 1,
    "updated": 0
  },
  {
    "id": "aa656bee-b64e-43a2-b2e8-6171069e9f19",
    "data": [
      {
        "text": "кто ты",
        "userDefined": false
      }
    ],
    "isTemplate": false,
    "count": 3,
    "updated": 0
  },
  {
    "id": "286e6f08-397a-4555-b178-98c6a9dc6a80",
    "data": [
      {
        "text": "А я - Дэдпул",
        "userDefined": false
      }
    ],
    "isTemplate": false,
    "count": 1,
    "updated": 0
  },
  {
    "id": "a2c0f7ce-c9e8-4a08-b7ea-09c9c0a0b4d2",
    "data": [
      {
        "text": "Ньюфаг ты",
        "userDefined": false
      }
    ],
    "isTemplate": false,
    "count": 1,
    "updated": 0
  },
  {
    "id": "4e7996bf-63ea-42f2-bad2-9f9d018dbe6a",
    "data": [
      {
        "text": "Списки команд",
        "userDefined": false
      }
    ],
    "isTemplate": false,
    "count": 1,
    "updated": 0
  },
  {
    "id": "9e5175b9-8c1f-4425-b50e-3d219f4f89b8",
    "data": [
      {
        "text": "Че за бот",
        "userDefined": false
      }
    ],
    "isTemplate": false,
    "count": 0,
    "updated": 0
  },
  {
    "id": "d071c6c2-1e03-46c3-af85-d1d5f2fc1874",
    "data": [
      {
        "text": "Как твое имя?",
        "userDefined": false
      }
    ],
    "isTemplate": false,
    "count": 1,
    "updated": 0
  },
  {
    "id": "e8478838-b9f9-4d3b-88f0-88b4e0909513",
    "data": [
      {
        "text": "ты кто",
        "userDefined": false
      }
    ],
    "isTemplate": false,
    "count": 7,
    "updated": 0
  },
  {
    "id": "8d83110f-72ed-4cbf-82c7-5349c55f2918",
    "data": [
      {
        "text": "как зовут",
        "userDefined": false
      }
    ],
    "isTemplate": false,
    "count": 0,
    "updated": 0
  },
  {
    "id": "13900e23-e498-4582-b9d1-f6d77a49a11a",
    "data": [
      {
        "text": "о тебе",
        "userDefined": false
      }
    ],
    "isTemplate": false,
    "count": 0,
    "updated": 1550221585
  },
  {
    "id": "d13b0aa3-01f4-4b58-8b43-9f92a48e4a39",
    "data": [
      {
        "text": "что ты такое",
        "userDefined": false
      }
    ],
    "isTemplate": false,
    "count": 0,
    "updated": 1550221585
  },
  {
    "id": "f5cd66b9-f26b-4113-8a9b-59960733fb71",
    "data": [
      {
        "text": "всё о тебе",
        "userDefined": false
      }
    ],
    "isTemplate": false,
    "count": 0,
    "updated": 1550221585
  },
  {
    "id": "9cbe0a36-2ff5-4ffa-afc8-2fd7ec140434",
    "data": [
      {
        "text": "расскажи о себе",
        "userDefined": false
      }
    ],
    "isTemplate": false,
    "count": 0,
    "updated": 1550221585
  },
  {
    "id": "9f89031a-002e-49ae-8939-0c19a8e8ab82",
    "data": [
      {
        "text": "кем ты работаешь",
        "userDefined": false
      }
    ],
    "isTemplate": false,
    "count": 0,
    "updated": 1550221585
  },
  {
    "id": "e357450a-fe7f-4238-8a6e-aaca388e23c0",
    "data": [
      {
        "text": "расскажи больше разных вещей о себе",
        "userDefined": false
      }
    ],
    "isTemplate": false,
    "count": 0,
    "updated": 1550221585
  },
  {
    "id": "4fcda1bb-3e98-4b0b-b141-32b16cbe111e",
    "data": [
      {
        "text": "поговорим о том кто ты",
        "userDefined": false
      }
    ],
    "isTemplate": false,
    "count": 0,
    "updated": 1550221585
  },
  {
    "id": "cfeaf3a5-0b92-466b-a6b5-7b491f0b7da1",
    "data": [
      {
        "text": "расскажи мне о себе",
        "userDefined": false
      }
    ],
    "isTemplate": false,
    "count": 0,
    "updated": 1550221585
  },
  {
    "id": "264328e4-44d9-4f36-87ca-2363c1b7df93",
    "data": [
      {
        "text": "хочу узнать больше о тебе",
        "userDefined": false
      }
    ],
    "isTemplate": false,
    "count": 0,
    "updated": 1550221585
  },
  {
    "id": "b2e10853-44d2-4ec8-81e4-8dd821fe5a35",
    "data": [
      {
        "text": "давай поговорим о тебе",
        "userDefined": false
      }
    ],
    "isTemplate": false,
    "count": 0,
    "updated": 0
  },
  {
    "id": "e060329a-4f37-47d9-9272-966c2bb67701",
    "data": [
      {
        "text": "поговорим о тебе",
        "userDefined": false
      }
    ],
    "isTemplate": false,
    "count": 0,
    "updated": 0
  },
  {
    "id": "c0a5ca74-f185-46b0-812c-42787b5c1b2b",
    "data": [
      {
        "text": "хочу узнать тебя получше",
        "userDefined": false
      }
    ],
    "isTemplate": false,
    "count": 0,
    "updated": 0
  },
  {
    "id": "da8fcb6b-a8a9-48ab-a950-14078f70135f",
    "data": [
      {
        "text": "расскажи мне что-то о себе",
        "userDefined": false
      }
    ],
    "isTemplate": false,
    "count": 0,
    "updated": 0
  },
  {
    "id": "0231a52a-70d4-40ef-af3a-2489d0417357",
    "data": [
      {
        "text": "хочу тебя узнать",
        "userDefined": false
      }
    ],
    "isTemplate": false,
    "count": 0,
    "updated": 0
  },
  {
    "id": "4ac0c0dd-bc79-4080-a5f6-a617c86f7706",
    "data": [
      {
        "text": "опиши себя",
        "userDefined": false
      }
    ],
    "isTemplate": false,
    "count": 0,
    "updated": 0
  },
  {
    "id": "9bb239de-ad29-4138-8345-63f2b7bfce50",
    "data": [
      {
        "text": "чем ты занимаешься",
        "userDefined": false
      }
    ],
    "isTemplate": false,
    "count": 0,
    "updated": 0
  }
]