[
  {
    "id": "ff42999d-4428-4b68-9bd8-f890f6775ab2",
    "data": [
      {
        "text": "скажи откуда ты",
        "userDefined": false
      }
    ],
    "isTemplate": false,
    "count": 0,
    "updated": 0
  },
  {
    "id": "c42f819c-94e2-4a81-8d6a-97d2717778be",
    "data": [
      {
        "text": "где ты родился",
        "userDefined": false
      }
    ],
    "isTemplate": false,
    "count": 0,
    "updated": 0
  },
  {
    "id": "4fd3fa5f-d280-4771-9cc1-b4f69067e79d",
    "data": [
      {
        "text": "где твоя Родина",
        "userDefined": false
      }
    ],
    "isTemplate": false,
    "count": 0,
    "updated": 0
  },
  {
    "id": "4b931ff5-abd5-4792-b95f-7c53dbf318fb",
    "data": [
      {
        "text": "откуда ты",
        "userDefined": false
      }
    ],
    "isTemplate": false,
    "count": 0,
    "updated": 0
  },
  {
    "id": "bcb5536d-5aef-4550-82b0-c17fd4bfe57e",
    "data": [
      {
        "text": "откуда ты родом",
        "userDefined": false
      }
    ],
    "isTemplate": false,
    "count": 0,
    "updated": 0
  },
  {
    "id": "b7d5bfd1-a86f-461c-9e17-2d4fcc530968",
    "data": [
      {
        "text": "ты издалека",
        "userDefined": false
      }
    ],
    "isTemplate": false,
    "count": 0,
    "updated": 0
  },
  {
    "id": "64d09945-1e38-4ea8-9c50-ca413074f467",
    "data": [
      {
        "text": "расскажи из какой ты страны",
        "userDefined": false
      }
    ],
    "isTemplate": false,
    "count": 0,
    "updated": 0
  },
  {
    "id": "c2d51f7a-29da-40ee-b23e-92270cafa02a",
    "data": [
      {
        "text": "где ты родилась",
        "userDefined": false
      }
    ],
    "isTemplate": false,
    "count": 0,
    "updated": 0
  },
  {
    "id": "5668ef1f-9722-4440-bf2c-5bd95b09f67b",
    "data": [
      {
        "text": "твоя родная земля где она",
        "userDefined": false
      }
    ],
    "isTemplate": false,
    "count": 0,
    "updated": 0
  }
]