[
  {
    "id": "2cc9745a-bdb4-40e2-9268-484b0c6ac1f1",
    "data": [
      {
        "text": "вечер добрый",
        "userDefined": false
      }
    ],
    "isTemplate": false,
    "count": 0,
    "updated": 0
  },
  {
    "id": "9ba80fed-a159-45ee-82e5-42d752199210",
    "data": [
      {
        "text": "добрый вечер",
        "userDefined": false
      }
    ],
    "isTemplate": false,
    "count": 0,
    "updated": 0
  },
  {
    "id": "05ad6941-0002-4584-8746-4c96fa67a5b8",
    "data": [
      {
        "text": "приветствую тебя этим вечером",
        "userDefined": false
      }
    ],
    "isTemplate": false,
    "count": 0,
    "updated": 0
  },
  {
    "id": "664834ad-669d-4f61-bfc2-3e7d76f683ab",
    "data": [
      {
        "text": "привет добрый вечер",
        "userDefined": false
      }
    ],
    "isTemplate": false,
    "count": 0,
    "updated": 0
  },
  {
    "id": "f369212c-e9d7-422d-aea5-cd30aa70322a",
    "data": [
      {
        "text": "всем",
        "meta": "@sys.ignore",
        "userDefined": true
      },
      {
        "text": " добрый вечер",
        "userDefined": false
      }
    ],
    "isTemplate": false,
    "count": 0,
    "updated": 0
  }
]