[
  {
    "id": "077442ef-557b-40ca-b507-44981d2c62da",
    "data": [
      {
        "text": "спокойной ночи",
        "userDefined": false
      }
    ],
    "isTemplate": false,
    "count": 1,
    "updated": 0
  },
  {
    "id": "19df9d46-6fb9-43e8-b74a-d8e4a757b524",
    "data": [
      {
        "text": "пока доброй ночи",
        "userDefined": false
      }
    ],
    "isTemplate": false,
    "count": 1,
    "updated": 0
  },
  {
    "id": "1cd7d1bb-b27b-4d88-b92c-5f6a7addc541",
    "data": [
      {
        "text": "уже ",
        "userDefined": false
      },
      {
        "text": "ночь",
        "meta": "@sys.ignore",
        "userDefined": false
      },
      {
        "text": " спокойной ",
        "userDefined": false
      },
      {
        "text": "ночи",
        "meta": "@sys.ignore",
        "userDefined": false
      }
    ],
    "isTemplate": false,
    "count": 0,
    "updated": 0
  },
  {
    "id": "d9533d32-faa3-4b7c-8f73-ac07986d8eac",
    "data": [
      {
        "text": "доброй ночи и всего доброго",
        "userDefined": false
      }
    ],
    "isTemplate": false,
    "count": 0,
    "updated": 0
  },
  {
    "id": "c9e208a9-a4b4-45cb-9126-cdaeb67e6c4c",
    "data": [
      {
        "text": "спокойной",
        "meta": "@sys.ignore",
        "userDefined": false
      },
      {
        "text": " ночи увидимся завтра",
        "userDefined": false
      }
    ],
    "isTemplate": false,
    "count": 0,
    "updated": 0
  },
  {
    "id": "96789470-016b-4240-a8ae-33a5a3251d58",
    "data": [
      {
        "text": "на сегодня всё спокойной ночи тебе",
        "userDefined": false
      }
    ],
    "isTemplate": false,
    "count": 0,
    "updated": 0
  },
  {
    "id": "a31a678b-5ce6-4eb5-b07e-fe59e4c0e633",
    "data": [
      {
        "text": "до завтра спокойной ночи",
        "userDefined": false
      }
    ],
    "isTemplate": false,
    "count": 0,
    "updated": 0
  },
  {
    "id": "fa2d8396-1206-449b-b0ad-a616f6c56992",
    "data": [
      {
        "text": "спасибо спокойной ночи",
        "userDefined": false
      }
    ],
    "isTemplate": false,
    "count": 0,
    "updated": 0
  },
  {
    "id": "372282db-ffaa-413d-b25e-4f8e4929bf2b",
    "data": [
      {
        "text": "и тебе спокойной ночи",
        "userDefined": false
      }
    ],
    "isTemplate": false,
    "count": 0,
    "updated": 0
  },
  {
    "id": "9f49f6ab-4eac-4b83-ab96-999a1254d735",
    "data": [
      {
        "text": "доброй тебе ночи",
        "userDefined": false
      }
    ],
    "isTemplate": false,
    "count": 0,
    "updated": 0
  },
  {
    "id": "4942fbc6-9cab-4422-ab48-d2e8a1f0ba5c",
    "data": [
      {
        "text": "доброй ночи тебе",
        "userDefined": false
      }
    ],
    "isTemplate": false,
    "count": 0,
    "updated": 0
  },
  {
    "id": "23678826-26d5-4f6c-a92f-425225f09cae",
    "data": [
      {
        "text": "доброй ночи",
        "userDefined": false
      }
    ],
    "isTemplate": false,
    "count": 0,
    "updated": 0
  },
  {
    "id": "7fb6f399-6f1a-4a52-bff8-4540f00c29aa",
    "data": [
      {
        "text": "пока спокойной ночи",
        "userDefined": false
      }
    ],
    "isTemplate": false,
    "count": 0,
    "updated": 0
  }
]