[
  {
    "id": "7c5640a9-42af-40fa-9896-af0e428c6866",
    "data": [
      {
        "text": "ты была готова",
        "userDefined": false
      }
    ],
    "isTemplate": false,
    "count": 0,
    "updated": 0
  },
  {
    "id": "843708b0-c21f-4657-81d8-32f71315c2e4",
    "data": [
      {
        "text": "теперь ты готов",
        "userDefined": false
      }
    ],
    "isTemplate": false,
    "count": 0,
    "updated": 0
  },
  {
    "id": "cdae5040-fc1d-46a0-8ac7-23b9953c2505",
    "data": [
      {
        "text": "ты готов сегодня",
        "userDefined": false
      }
    ],
    "isTemplate": false,
    "count": 0,
    "updated": 0
  },
  {
    "id": "3024573f-47d8-415e-8afe-aee7754a50bc",
    "data": [
      {
        "text": "ты ведь уже готова",
        "userDefined": false
      }
    ],
    "isTemplate": false,
    "count": 0,
    "updated": 0
  },
  {
    "id": "48566382-b9c3-4cab-a58e-ffd4e09cf7c3",
    "data": [
      {
        "text": "сейчас ты готова",
        "userDefined": false
      }
    ],
    "isTemplate": false,
    "count": 0,
    "updated": 0
  },
  {
    "id": "95235e2b-0e6a-426e-9769-55d0f87908c8",
    "data": [
      {
        "text": "подготовился",
        "userDefined": false
      }
    ],
    "isTemplate": false,
    "count": 0,
    "updated": 0
  },
  {
    "id": "9c77686d-566f-411a-878a-db1cfdb1c38b",
    "data": [
      {
        "text": "ты подготовилась",
        "userDefined": false
      }
    ],
    "isTemplate": false,
    "count": 0,
    "updated": 0
  },
  {
    "id": "14747b9b-ed0f-468c-8492-359696b84ba1",
    "data": [
      {
        "text": "ты готова",
        "userDefined": false
      }
    ],
    "isTemplate": false,
    "count": 0,
    "updated": 0
  }
]