[
  {
    "id": "4ec71965-ec3f-47f5-ac5b-263fa923ebed",
    "data": [
      {
        "text": "когда у тебя день рождения",
        "userDefined": false
      }
    ],
    "isTemplate": false,
    "count": 1,
    "updated": 0
  },
  {
    "id": "11a74f72-4d88-4fb8-94ce-d8799fe53312",
    "data": [
      {
        "text": "твоя дата рождения",
        "userDefined": false
      }
    ],
    "isTemplate": false,
    "count": 0,
    "updated": 0
  },
  {
    "id": "d4fd8ae0-fe25-4514-b464-28f6fdaebced",
    "data": [
      {
        "text": "когда ты родилась",
        "userDefined": false
      }
    ],
    "isTemplate": false,
    "count": 0,
    "updated": 0
  },
  {
    "id": "021d3780-59a5-4d43-8782-c431b670e4e2",
    "data": [
      {
        "text": "когда ты празднуешь свой день рождения",
        "userDefined": false
      }
    ],
    "isTemplate": false,
    "count": 0,
    "updated": 0
  },
  {
    "id": "12102d03-34ed-4b2d-b332-83622ee1e6a4",
    "data": [
      {
        "text": "дата твоего рождения",
        "userDefined": false
      }
    ],
    "isTemplate": false,
    "count": 0,
    "updated": 0
  },
  {
    "id": "58b1e8d4-0566-4343-ae8a-3028e5410bd7",
    "data": [
      {
        "text": "когда твой день рождения",
        "userDefined": false
      }
    ],
    "isTemplate": false,
    "count": 0,
    "updated": 0
  },
  {
    "id": "81224768-2c44-429a-b47d-1cb185a3aa77",
    "data": [
      {
        "text": "когда ты родился",
        "userDefined": false
      }
    ],
    "isTemplate": false,
    "count": 0,
    "updated": 0
  },
  {
    "id": "a5c9004b-4c9e-44a4-b154-46ccfa8f6dcd",
    "data": [
      {
        "text": "твой день рождения",
        "userDefined": false
      }
    ],
    "isTemplate": false,
    "count": 0,
    "updated": 0
  }
]