[
  {
    "id": "59f8f2f5-5e95-4bcf-8f97-88a520472899",
    "data": [
      {
        "text": "Научился чему-то?",
        "userDefined": false
      }
    ],
    "isTemplate": false,
    "count": 0,
    "updated": 0
  },
  {
    "id": "a97e3bef-2ca4-4284-b050-c6ac2fabe806",
    "data": [
      {
        "text": "До сих пор?",
        "userDefined": false
      }
    ],
    "isTemplate": false,
    "count": 0,
    "updated": 0
  },
  {
    "id": "519bda25-60fc-421a-996d-553af7d39745",
    "data": [
      {
        "text": "Новые фразы выучил?",
        "userDefined": false
      }
    ],
    "isTemplate": false,
    "count": 0,
    "updated": 0
  },
  {
    "id": "61a815ef-85ad-4799-9ffc-3b56b86314f9",
    "data": [
      {
        "text": "не думаю",
        "userDefined": false
      }
    ],
    "isTemplate": false,
    "count": 2,
    "updated": 0
  },
  {
    "id": "0fa13c1b-3dda-4e11-a02d-738d2753008d",
    "data": [
      {
        "text": "нет",
        "userDefined": false
      }
    ],
    "isTemplate": false,
    "count": 5,
    "updated": 0
  },
  {
    "id": "f6b881c2-65f7-4263-b577-5709e2066658",
    "data": [
      {
        "text": "я не хочу",
        "userDefined": false
      }
    ],
    "isTemplate": false,
    "count": 1,
    "updated": 1550314144
  },
  {
    "id": "76c8ac35-5226-4b89-a08c-702a36a361ff",
    "data": [
      {
        "text": "спасибо не надо",
        "userDefined": false
      }
    ],
    "isTemplate": false,
    "count": 0,
    "updated": 1550314144
  },
  {
    "id": "6c14cc17-b884-4c14-8a11-7be2b5bc8ac6",
    "data": [
      {
        "text": "спасибо но нет",
        "userDefined": false
      }
    ],
    "isTemplate": false,
    "count": 0,
    "updated": 1550314144
  },
  {
    "id": "85c0c980-f9f2-4eed-8e4d-dc08d7f19b1f",
    "data": [
      {
        "text": "не-а",
        "userDefined": false
      }
    ],
    "isTemplate": false,
    "count": 0,
    "updated": 1550314144
  },
  {
    "id": "6504646c-38be-49c0-8ff2-229fb781985f",
    "data": [
      {
        "text": "ответ отрицательный",
        "userDefined": false
      }
    ],
    "isTemplate": false,
    "count": 0,
    "updated": 1550314144
  },
  {
    "id": "ae5edee5-c3bf-4bec-bb36-221f0b7b3dca",
    "data": [
      {
        "text": "конечно нет",
        "userDefined": false
      }
    ],
    "isTemplate": false,
    "count": 0,
    "updated": 1550314144
  },
  {
    "id": "e5e03b3c-52fe-4f28-a75b-bd2ad77f24fc",
    "data": [
      {
        "text": "не",
        "userDefined": false
      }
    ],
    "isTemplate": false,
    "count": 0,
    "updated": 1550314144
  },
  {
    "id": "12c966f3-c653-4672-9931-bfbfe2addea0",
    "data": [
      {
        "text": "вообще-то нет",
        "userDefined": false
      }
    ],
    "isTemplate": false,
    "count": 0,
    "updated": 1550314144
  },
  {
    "id": "1b70a8ce-8cfa-4223-9c34-080649e78ec8",
    "data": [
      {
        "text": "не делай этого",
        "userDefined": false
      }
    ],
    "isTemplate": false,
    "count": 0,
    "updated": 0
  },
  {
    "id": "fdba516c-42dc-4cb0-8e76-d04b4079cbd7",
    "data": [
      {
        "text": "не нужно",
        "userDefined": false
      }
    ],
    "isTemplate": false,
    "count": 0,
    "updated": 0
  },
  {
    "id": "54104404-96fa-4983-9c50-a3ee173e13d5",
    "data": [
      {
        "text": "ни за что",
        "userDefined": false
      }
    ],
    "isTemplate": false,
    "count": 0,
    "updated": 0
  },
  {
    "id": "c33267a4-1db4-4075-8320-18c65600f8e8",
    "data": [
      {
        "text": "нет не надо",
        "userDefined": false
      }
    ],
    "isTemplate": false,
    "count": 0,
    "updated": 0
  },
  {
    "id": "584bf0a7-e89c-494a-98f4-71788e5ace8b",
    "data": [
      {
        "text": "не хочу",
        "userDefined": false
      }
    ],
    "isTemplate": false,
    "count": 0,
    "updated": 0
  },
  {
    "id": "8bb2abbc-4532-49fc-ab00-0b0339991698",
    "data": [
      {
        "text": "не надо",
        "userDefined": false
      }
    ],
    "isTemplate": false,
    "count": 0,
    "updated": 0
  },
  {
    "id": "89a291be-5a4c-468d-9e58-07d7817a1ec7",
    "data": [
      {
        "text": "неправильно",
        "userDefined": false
      }
    ],
    "isTemplate": false,
    "count": 0,
    "updated": 0
  },
  {
    "id": "5023873c-2e62-4728-a832-678e6dbce9cc",
    "data": [
      {
        "text": "не нужно спасибо",
        "userDefined": false
      }
    ],
    "isTemplate": false,
    "count": 0,
    "updated": 0
  },
  {
    "id": "b4b037b4-f75a-46f7-970e-88186215c181",
    "data": [
      {
        "text": "не стоит",
        "userDefined": false
      }
    ],
    "isTemplate": false,
    "count": 0,
    "updated": 0
  },
  {
    "id": "64a848ca-e034-419c-bd2b-5f59ac5bcfbc",
    "data": [
      {
        "text": "мой ответ нет",
        "userDefined": false
      }
    ],
    "isTemplate": false,
    "count": 0,
    "updated": 0
  },
  {
    "id": "3c62cd2b-31ac-4d9a-901b-65c6d69b92d5",
    "data": [
      {
        "text": "ответ нет",
        "userDefined": false
      }
    ],
    "isTemplate": false,
    "count": 0,
    "updated": 0
  }
]