[
  {
    "id": "dc35a3c0-4485-4e52-85bf-5ab4b4147e52",
    "data": [
      {
        "text": "Тебе вообще все равно?",
        "userDefined": false
      }
    ],
    "isTemplate": false,
    "count": 7,
    "updated": 0
  },
  {
    "id": "3f354332-9172-4bc0-88bd-0241a0a78813",
    "data": [
      {
        "text": "без разницы",
        "userDefined": false
      }
    ],
    "isTemplate": false,
    "count": 0,
    "updated": 0
  },
  {
    "id": "9c2b8268-9f78-410a-8603-6ca40e406834",
    "data": [
      {
        "text": "непринципиально",
        "userDefined": false
      }
    ],
    "isTemplate": false,
    "count": 0,
    "updated": 0
  },
  {
    "id": "391d9e11-d518-4eaa-b933-75592a118abb",
    "data": [
      {
        "text": "абсолютно безразлично",
        "userDefined": false
      }
    ],
    "isTemplate": false,
    "count": 0,
    "updated": 0
  },
  {
    "id": "db506380-26af-41f5-8dd8-eb36414ddd0e",
    "data": [
      {
        "text": "мне это абсолютно безразлично",
        "userDefined": false
      }
    ],
    "isTemplate": false,
    "count": 0,
    "updated": 0
  },
  {
    "id": "d36d274b-c59d-4ca6-9df5-d43f6c222511",
    "data": [
      {
        "text": "вообще всё равно",
        "userDefined": false
      }
    ],
    "isTemplate": false,
    "count": 0,
    "updated": 0
  },
  {
    "id": "a8c8878f-9c0d-4c55-953d-0d2f4c7b0ff5",
    "data": [
      {
        "text": "вообще без разницы",
        "userDefined": false
      }
    ],
    "isTemplate": false,
    "count": 0,
    "updated": 0
  },
  {
    "id": "bc0426d9-1cd9-4974-b8ba-43a592fa2dfe",
    "data": [
      {
        "text": "мне всё равно",
        "userDefined": false
      }
    ],
    "isTemplate": false,
    "count": 0,
    "updated": 0
  },
  {
    "id": "12f51273-4e86-4fbe-9efd-c711b8da7447",
    "data": [
      {
        "text": "меня это не волнует",
        "userDefined": false
      }
    ],
    "isTemplate": false,
    "count": 0,
    "updated": 0
  }
]