[
  {
    "id": "7af169f6-eef3-4f7a-8ded-12cb99525e30",
    "data": [
      {
        "text": "можно тебя обнять",
        "userDefined": false
      }
    ],
    "isTemplate": false,
    "count": 0,
    "updated": 0
  },
  {
    "id": "96f2afd8-aa92-4ffc-ac96-0c6877c94aad",
    "data": [
      {
        "text": "обнял тебя",
        "userDefined": false
      }
    ],
    "isTemplate": false,
    "count": 0,
    "updated": 0
  },
  {
    "id": "e756167f-3a59-443c-96e2-9eda704d4c85",
    "data": [
      {
        "text": "хочешь обниму",
        "userDefined": false
      }
    ],
    "isTemplate": false,
    "count": 0,
    "updated": 0
  },
  {
    "id": "4fc75324-4968-494e-9f6a-c9271ff9b5bd",
    "data": [
      {
        "text": "в объятиях",
        "userDefined": false
      }
    ],
    "isTemplate": false,
    "count": 0,
    "updated": 0
  },
  {
    "id": "d2d03af1-de03-4ab5-ac7c-a90816dad04d",
    "data": [
      {
        "text": "обнимаю",
        "userDefined": false
      }
    ],
    "isTemplate": false,
    "count": 0,
    "updated": 0
  },
  {
    "id": "65ab9efd-35a6-4523-b44a-d874ed0715c8",
    "data": [
      {
        "text": "могу обнять тебя",
        "userDefined": false
      }
    ],
    "isTemplate": false,
    "count": 0,
    "updated": 0
  },
  {
    "id": "053c6623-bc9a-48e3-bfae-743df1e3575f",
    "data": [
      {
        "text": "обнимешь меня",
        "userDefined": false
      }
    ],
    "isTemplate": false,
    "count": 0,
    "updated": 0
  },
  {
    "id": "8d452648-a76c-4729-a679-c1dc75b37be2",
    "data": [
      {
        "text": "ты меня обнимаешь",
        "userDefined": false
      }
    ],
    "isTemplate": false,
    "count": 0,
    "updated": 0
  },
  {
    "id": "5a8c1465-38f5-490f-b968-8926b2bc2fea",
    "data": [
      {
        "text": "обними",
        "userDefined": false
      }
    ],
    "isTemplate": false,
    "count": 0,
    "updated": 0
  },
  {
    "id": "25a0552f-bfd4-4a94-a434-b345caf7e3df",
    "data": [
      {
        "text": "обнимаю тебя",
        "userDefined": false
      }
    ],
    "isTemplate": false,
    "count": 0,
    "updated": 0
  },
  {
    "id": "dbc28a39-3aca-4310-af86-5f1c9d2f8987",
    "data": [
      {
        "text": "подари мне твоё объятие",
        "userDefined": false
      }
    ],
    "isTemplate": false,
    "count": 0,
    "updated": 0
  },
  {
    "id": "1acd9c7a-d520-4a76-878f-8bbb1c85a797",
    "data": [
      {
        "text": "хочешь моих объятий",
        "userDefined": false
      }
    ],
    "isTemplate": false,
    "count": 0,
    "updated": 0
  },
  {
    "id": "7b869280-6f10-4a08-a536-e408ae892171",
    "data": [
      {
        "text": "можешь обнять меня",
        "userDefined": false
      }
    ],
    "isTemplate": false,
    "count": 0,
    "updated": 0
  },
  {
    "id": "55021ba7-03cf-46b8-8f6e-e52257e2e3f4",
    "data": [
      {
        "text": "не могу тебя не обнять",
        "userDefined": false
      }
    ],
    "isTemplate": false,
    "count": 0,
    "updated": 0
  },
  {
    "id": "19295e96-7ccf-48ec-8d1c-477b97cb2928",
    "data": [
      {
        "text": "обнимашки",
        "userDefined": false
      }
    ],
    "isTemplate": false,
    "count": 0,
    "updated": 0
  },
  {
    "id": "1627923b-6546-40da-adbe-b40de5099c1d",
    "data": [
      {
        "text": "хочу обняться",
        "userDefined": false
      }
    ],
    "isTemplate": false,
    "count": 0,
    "updated": 0
  },
  {
    "id": "9ddc6a7c-b53a-41ef-8cd0-38644d5d140b",
    "data": [
      {
        "text": "обними меня",
        "userDefined": false
      }
    ],
    "isTemplate": false,
    "count": 0,
    "updated": 0
  }
]