[
  {
    "id": "aab055d4-c53b-4950-a951-e2f53c296239",
    "data": [
      {
        "text": "Кто насрал",
        "userDefined": false
      }
    ],
    "isTemplate": false,
    "count": 9,
    "updated": 0
  },
  {
    "id": "a1d38f95-01d8-459f-999e-45a5bdac74f8",
    "data": [
      {
        "text": "Кто залезает к ментам на машину?",
        "userDefined": false
      }
    ],
    "isTemplate": false,
    "count": 9,
    "updated": 0
  },
  {
    "id": "f0c26475-be0a-422b-8bf0-ecd6d317aed9",
    "data": [
      {
        "text": "Кто демонстрирует всем свои яйца?",
        "userDefined": false
      }
    ],
    "isTemplate": false,
    "count": 9,
    "updated": 0
  },
  {
    "id": "3074e9c8-20e9-45f0-b9ec-233636d975ee",
    "data": [
      {
        "text": "Как отпустить прошлую любовь?",
        "userDefined": false
      }
    ],
    "isTemplate": false,
    "count": 1,
    "updated": 0
  },
  {
    "id": "5bb2fa7e-a405-4224-ab7c-648f0669f91f",
    "data": [
      {
        "text": "Как переспать с парнем после долгого воздержания от секса?",
        "userDefined": false
      }
    ],
    "isTemplate": false,
    "count": 1,
    "updated": 0
  },
  {
    "id": "87d1952b-f4e7-4a7e-8619-d8f68383670d",
    "data": [
      {
        "text": "Что делать если барэблра содрали акулы",
        "userDefined": false
      }
    ],
    "isTemplate": false,
    "count": 0,
    "updated": 0
  },
  {
    "id": "887c5fd8-d720-447b-869a-1103f464e309",
    "data": [
      {
        "text": "Какого цвета сопли?",
        "userDefined": false
      }
    ],
    "isTemplate": false,
    "count": 0,
    "updated": 0
  },
  {
    "id": "c7e48b05-0817-4986-809a-bcf85f426db6",
    "data": [
      {
        "text": "Клит",
        "userDefined": false
      }
    ],
    "isTemplate": false,
    "count": 1,
    "updated": 0
  },
  {
    "id": "30a2eb92-7db1-423f-a03b-8692b0791622",
    "data": [
      {
        "text": "Климат",
        "userDefined": false
      }
    ],
    "isTemplate": false,
    "count": 1,
    "updated": 0
  },
  {
    "id": "ee8adb5c-0fc1-466c-8eed-2fbd36865f46",
    "data": [
      {
        "text": "Дантес  сфоткай ему свой писюн. Он охуеет .😂",
        "userDefined": false
      }
    ],
    "isTemplate": false,
    "count": 0,
    "updated": 0
  },
  {
    "id": "b2be082b-60a8-42a3-80fd-e1dd69bbca1a",
    "data": [
      {
        "text": "О каннибализме",
        "userDefined": false
      }
    ],
    "isTemplate": false,
    "count": 1,
    "updated": 0
  },
  {
    "id": "90dcee00-9e51-4cfc-9e4c-b7753c42735e",
    "data": [
      {
        "text": "Объясни механику зачарования в Морровинде",
        "userDefined": false
      }
    ],
    "isTemplate": false,
    "count": 1,
    "updated": 0
  },
  {
    "id": "d1f24912-0d87-4123-b3e7-4c262a3f142d",
    "data": [
      {
        "text": "Скайрим для нордов!",
        "userDefined": false
      }
    ],
    "isTemplate": false,
    "count": 1,
    "updated": 0
  },
  {
    "id": "989722b5-5249-4f53-aa43-ed432cb80f8a",
    "data": [
      {
        "text": "Грязный нвах",
        "userDefined": false
      }
    ],
    "isTemplate": false,
    "count": 1,
    "updated": 0
  },
  {
    "id": "ee8adb5c-0fc1-466c-8eed-2fbd36865f46",
    "data": [
      {
        "text": "Дантес  сфоткай ему свой писюн. Он охуеет",
        "userDefined": false
      }
    ],
    "isTemplate": false,
    "count": 0,
    "updated": 1550334259
  },
  {
    "id": "9532034d-6ed2-4871-b2db-5689b277b0c6",
    "data": [
      {
        "text": "как подобрать резистор для светодиода",
        "userDefined": false
      }
    ],
    "isTemplate": false,
    "count": 0,
    "updated": 0
  },
  {
    "id": "ce46588e-0a2d-4948-a477-ce0a847534d3",
    "data": [
      {
        "text": "https://www.pornhub.com/",
        "userDefined": false
      }
    ],
    "isTemplate": false,
    "count": 0,
    "updated": 0
  },
  {
    "id": "2ecbe854-68bd-4e1d-b156-b1c55a9d7920",
    "data": [
      {
        "text": "как из кенгуру сделать топор",
        "userDefined": false
      }
    ],
    "isTemplate": false,
    "count": 0,
    "updated": 0
  },
  {
    "id": "7594a279-b71c-4184-aaaa-803e5ec80972",
    "data": [
      {
        "text": "как из кенгуру сделать топор?",
        "userDefined": false
      }
    ],
    "isTemplate": false,
    "count": 0,
    "updated": 0
  },
  {
    "id": "f1ab16b5-d84a-4ef2-b8a0-b1687ecec66e",
    "data": [
      {
        "text": "Что такое корпускулярноволновой даулизм",
        "userDefined": false
      }
    ],
    "isTemplate": false,
    "count": 6,
    "updated": 0
  },
  {
    "id": "72a51acd-4868-454f-a02a-63f131ed73b0",
    "data": [
      {
        "text": "Что такое корпускулярноволновой дуализм?",
        "userDefined": false
      }
    ],
    "isTemplate": false,
    "count": 3,
    "updated": 0
  },
  {
    "id": "ccef740b-35a3-4ad6-baac-ccafd95f5f11",
    "data": [
      {
        "text": "Что такое корпускулярноволновой даулизм?",
        "userDefined": false
      }
    ],
    "isTemplate": false,
    "count": 0,
    "updated": 0
  },
  {
    "id": "4972aa76-7dcc-40c2-8702-d14becb0073b",
    "data": [
      {
        "text": "Произведения Ильфа и Петрова",
        "userDefined": false
      }
    ],
    "isTemplate": false,
    "count": 1,
    "updated": 0
  }
]