[
  {
    "id": "c23e299b-0c09-4524-a8ee-98cf3688b347",
    "data": [
      {
        "text": "скучаем",
        "alias": "any",
        "meta": "@sys.any",
        "userDefined": true
      },
      {
        "text": " по мне?",
        "userDefined": false
      }
    ],
    "isTemplate": false,
    "count": 0,
    "updated": 1550818715
  },
  {
    "id": "6e052b7c-1179-4762-821b-42b7bec99fdb",
    "data": [
      {
        "text": "Ты ",
        "userDefined": false
      },
      {
        "text": "скучаешь",
        "alias": "any",
        "meta": "@sys.any",
        "userDefined": true
      },
      {
        "text": " за мной?",
        "userDefined": false
      }
    ],
    "isTemplate": false,
    "count": 0,
    "updated": 1550818715
  },
  {
    "id": "c5db9724-a902-4160-b790-bc114da5406f",
    "data": [
      {
        "text": "скучал",
        "alias": "any",
        "meta": "@sys.any",
        "userDefined": true
      },
      {
        "text": " за мной?",
        "userDefined": false
      }
    ],
    "isTemplate": false,
    "count": 0,
    "updated": 1550818715
  }
]