[
  {
    "id": "33f49f17-6d73-45c8-b907-115a4a96cfe2",
    "data": [
      {
        "text": "сколько тебе ",
        "userDefined": false
      },
      {
        "text": "лет",
        "meta": "@sys.ignore",
        "userDefined": false
      }
    ],
    "isTemplate": false,
    "count": 1,
    "updated": 0
  },
  {
    "id": "35e87f14-069d-40b1-8dcc-7334438eca66",
    "data": [
      {
        "text": "Тебе сколько лет?",
        "userDefined": false
      }
    ],
    "isTemplate": false,
    "count": 6,
    "updated": 0
  },
  {
    "id": "c278beaa-7d8c-4251-9671-9de7317bdad0",
    "data": [
      {
        "text": "тебе сколько лет?",
        "userDefined": false
      }
    ],
    "isTemplate": false,
    "count": 0,
    "updated": 0
  },
  {
    "id": "e9af3fc6-524e-46dd-b888-cfaa10290e9f",
    "data": [
      {
        "text": "твой возраст",
        "userDefined": false
      }
    ],
    "isTemplate": false,
    "count": 0,
    "updated": 0
  },
  {
    "id": "0f2da5c7-19dd-4193-b8d1-f9c08a0e7e21",
    "data": [
      {
        "text": "хочу знать твой возраст",
        "userDefined": false
      }
    ],
    "isTemplate": false,
    "count": 0,
    "updated": 0
  },
  {
    "id": "1bc61f4c-c24a-4481-bccf-90bdfd9ae692",
    "data": [
      {
        "text": "сколько лет твоей платформе",
        "userDefined": false
      }
    ],
    "isTemplate": false,
    "count": 0,
    "updated": 0
  },
  {
    "id": "983f94d4-b763-4495-bcf4-b2a30db84553",
    "data": [
      {
        "text": "сколько тебе",
        "userDefined": false
      }
    ],
    "isTemplate": false,
    "count": 0,
    "updated": 0
  },
  {
    "id": "320a45b9-137a-4dab-ac75-1304d5f26d15",
    "data": [
      {
        "text": "тебе ",
        "userDefined": false
      },
      {
        "text": "21",
        "alias": "age",
        "meta": "@sys.number",
        "userDefined": true
      }
    ],
    "isTemplate": false,
    "count": 0,
    "updated": 0
  },
  {
    "id": "07304c1f-43a8-4a8c-8dcc-a89d71f1787f",
    "data": [
      {
        "text": "хотел бы знать а сколько тебе лет",
        "userDefined": false
      }
    ],
    "isTemplate": false,
    "count": 0,
    "updated": 0
  }
]