[
  {
    "id": "87a6d7c0-edbf-4e7c-96ef-d5f93c2a2b6a",
    "data": [
      {
        "text": "Слышь, базарь давай",
        "userDefined": false
      }
    ],
    "isTemplate": false,
    "count": 0,
    "updated": 0
  },
  {
    "id": "9e7eb89d-eb47-4bec-954b-2ff5efd6ac9b",
    "data": [
      {
        "text": "ладно",
        "userDefined": false
      }
    ],
    "isTemplate": false,
    "count": 2,
    "updated": 0
  },
  {
    "id": "ad63dd68-c0be-4cc0-8301-128d5d88a902",
    "data": [
      {
        "text": "ага",
        "userDefined": false
      }
    ],
    "isTemplate": false,
    "count": 2,
    "updated": 0
  },
  {
    "id": "32dbb9d2-dc71-4b25-b3f5-b9ff7fed0331",
    "data": [
      {
        "text": "правильно",
        "userDefined": false
      }
    ],
    "isTemplate": false,
    "count": 3,
    "updated": 0
  },
  {
    "id": "50a3c4bd-14fb-4159-aa54-a11f20da367b",
    "data": [
      {
        "text": "да",
        "userDefined": false
      }
    ],
    "isTemplate": false,
    "count": 2,
    "updated": 0
  },
  {
    "id": "23ed354e-9a30-4913-bbeb-c14b0103d93f",
    "data": [
      {
        "text": "да конечно",
        "userDefined": false
      }
    ],
    "isTemplate": false,
    "count": 0,
    "updated": 1550731894
  },
  {
    "id": "c435b243-13a4-49a1-8550-8d538097e7ab",
    "data": [
      {
        "text": "всё правильно",
        "userDefined": false
      }
    ],
    "isTemplate": false,
    "count": 0,
    "updated": 1550731894
  },
  {
    "id": "33f32123-5089-4df9-b4b8-1215036878ec",
    "data": [
      {
        "text": "конечно",
        "userDefined": false
      }
    ],
    "isTemplate": false,
    "count": 0,
    "updated": 1550731894
  },
  {
    "id": "dc105156-f7f3-4aa2-86bb-513c6e398da1",
    "data": [
      {
        "text": "давай",
        "userDefined": false
      }
    ],
    "isTemplate": false,
    "count": 0,
    "updated": 1550731894
  },
  {
    "id": "8c3a88f7-4269-48d4-be75-45ccf8b52ad7",
    "data": [
      {
        "text": "я только за",
        "userDefined": false
      }
    ],
    "isTemplate": false,
    "count": 0,
    "updated": 1550731894
  },
  {
    "id": "a200e649-9ea8-4f33-875e-c989fe5317a5",
    "data": [
      {
        "text": "я не против",
        "userDefined": false
      }
    ],
    "isTemplate": false,
    "count": 0,
    "updated": 1550731894
  },
  {
    "id": "1493a279-00f3-46f5-a914-9c05c214af76",
    "data": [
      {
        "text": "думаю да",
        "userDefined": false
      }
    ],
    "isTemplate": false,
    "count": 0,
    "updated": 0
  },
  {
    "id": "3af12da4-110e-4157-ba26-67431a6e1a74",
    "data": [
      {
        "text": "уверен",
        "userDefined": false
      }
    ],
    "isTemplate": false,
    "count": 0,
    "updated": 0
  },
  {
    "id": "264e0226-0ec7-41f9-8a79-a70def755706",
    "data": [
      {
        "text": "естественно",
        "meta": "@sys.ignore",
        "userDefined": false
      }
    ],
    "isTemplate": false,
    "count": 0,
    "updated": 0
  },
  {
    "id": "2ee8fb99-7499-42da-839c-03d2b2b53bf2",
    "data": [
      {
        "text": "да давай",
        "userDefined": false
      }
    ],
    "isTemplate": false,
    "count": 0,
    "updated": 0
  },
  {
    "id": "e0a7abb6-a81e-4b28-bef7-d3186ec781dd",
    "data": [
      {
        "text": "почему бы нет",
        "userDefined": false
      }
    ],
    "isTemplate": false,
    "count": 0,
    "updated": 0
  },
  {
    "id": "acfe7add-66d5-42c5-8521-e07ffb98a278",
    "data": [
      {
        "text": "да хочу",
        "userDefined": false
      }
    ],
    "isTemplate": false,
    "count": 0,
    "updated": 0
  },
  {
    "id": "eab214dd-cf40-48b3-9dfe-1cd28998cead",
    "data": [
      {
        "text": "ответ да",
        "userDefined": false
      }
    ],
    "isTemplate": false,
    "count": 0,
    "updated": 0
  },
  {
    "id": "5bf47712-f166-4aa3-9828-5d8e3eaf5695",
    "data": [
      {
        "text": "почему бы и нет",
        "userDefined": false
      }
    ],
    "isTemplate": false,
    "count": 0,
    "updated": 0
  },
  {
    "id": "26a1b100-a000-4928-bd5f-77364eb2089b",
    "data": [
      {
        "text": "согласен",
        "userDefined": false
      }
    ],
    "isTemplate": false,
    "count": 0,
    "updated": 0
  },
  {
    "id": "5ffa166d-b3c8-44a4-b531-a3b575866ae7",
    "data": [
      {
        "text": "естественно",
        "userDefined": false
      }
    ],
    "isTemplate": false,
    "count": 0,
    "updated": 0
  },
  {
    "id": "c0f927d4-8de6-4d61-b27f-b351fffe079e",
    "data": [
      {
        "text": "ответ положительный",
        "userDefined": false
      }
    ],
    "isTemplate": false,
    "count": 0,
    "updated": 0
  },
  {
    "id": "0e1690b9-88fc-4823-835c-5a5545bde38d",
    "data": [
      {
        "text": "уговорил",
        "userDefined": false
      }
    ],
    "isTemplate": false,
    "count": 0,
    "updated": 0
  },
  {
    "id": "a0edeeaa-5c15-48fd-a9bd-d470e7db4c17",
    "data": [
      {
        "text": "пожалуй",
        "userDefined": false
      }
    ],
    "isTemplate": false,
    "count": 0,
    "updated": 0
  },
  {
    "id": "014bda1e-7177-44fa-827f-881bd80c6cbf",
    "data": [
      {
        "text": "давай попробуем",
        "userDefined": false
      }
    ],
    "isTemplate": false,
    "count": 1,
    "updated": 0
  },
  {
    "id": "cd34871f-62e2-4f5e-8100-2aa341d128e2",
    "data": [
      {
        "text": "подтверждаю",
        "userDefined": false
      }
    ],
    "isTemplate": false,
    "count": 0,
    "updated": 0
  },
  {
    "id": "458419d7-aa05-4109-aec6-c9e377c31a25",
    "data": [
      {
        "text": "я за",
        "userDefined": false
      }
    ],
    "isTemplate": false,
    "count": 1,
    "updated": 0
  },
  {
    "id": "71e2b2a0-3686-48cf-8e72-1d1a6b4f8531",
    "data": [
      {
        "text": "ещё бы",
        "userDefined": false
      }
    ],
    "isTemplate": false,
    "count": 0,
    "updated": 0
  }
]