[
  {
    "id": "9e244103-c95d-4c01-9313-237a80d8c8bf",
    "data": [
      {
        "text": "Ха ха ну привет",
        "userDefined": false
      }
    ],
    "isTemplate": false,
    "count": 0,
    "updated": 0
  },
  {
    "id": "4f46cda5-6332-4ba2-99ac-0c179fb415c6",
    "data": [
      {
        "text": "О, здарова!!!",
        "userDefined": false
      }
    ],
    "isTemplate": false,
    "count": 0,
    "updated": 0
  },
  {
    "id": "540bf786-a7b5-4e78-85d4-9a310ceb3be5",
    "data": [
      {
        "text": "hi",
        "userDefined": false
      }
    ],
    "isTemplate": false,
    "count": 4,
    "updated": 0
  },
  {
    "id": "bce032ba-048c-437f-8957-3bcd71d71fd6",
    "data": [
      {
        "text": "Кеп привет",
        "userDefined": false
      }
    ],
    "isTemplate": false,
    "count": 2,
    "updated": 0
  },
  {
    "id": "bba4e57f-ec86-4bba-a76b-f67f7434b10a",
    "data": [
      {
        "text": "привет",
        "userDefined": false
      }
    ],
    "isTemplate": false,
    "count": 35,
    "updated": 0
  },
  {
    "id": "c6517def-1d48-4153-a6e8-c25e13e52084",
    "data": [
      {
        "text": "хай",
        "userDefined": false
      }
    ],
    "isTemplate": false,
    "count": 111,
    "updated": 0
  },
  {
    "id": "27e72fb4-a3cc-4b3d-9dd4-ebc1bd9d7668",
    "data": [
      {
        "text": "алё",
        "userDefined": false
      }
    ],
    "isTemplate": false,
    "count": 1,
    "updated": 0
  },
  {
    "id": "60e5af66-3b96-4b8e-ae8d-9d0f07ff484a",
    "data": [
      {
        "text": "Хари Кришна",
        "userDefined": false
      }
    ],
    "isTemplate": false,
    "count": 2,
    "updated": 0
  },
  {
    "id": "0255100e-3583-4f03-9d6e-a875ee5ffccc",
    "data": [
      {
        "text": "Стив привет",
        "userDefined": false
      }
    ],
    "isTemplate": false,
    "count": 1,
    "updated": 0
  },
  {
    "id": "69e6e8a0-92c7-4a6f-ba9a-f060320e1c90",
    "data": [
      {
        "text": "JD привет",
        "userDefined": false
      }
    ],
    "isTemplate": false,
    "count": 1,
    "updated": 0
  },
  {
    "id": "ecb5720b-cebd-4b85-9b17-0973b7c15a60",
    "data": [
      {
        "text": "hello",
        "userDefined": false
      }
    ],
    "isTemplate": false,
    "count": 4,
    "updated": 0
  },
  {
    "id": "2376b158-5789-4f6b-924b-2ca682a92ee7",
    "data": [
      {
        "text": "эй",
        "userDefined": false
      }
    ],
    "isTemplate": false,
    "count": 2,
    "updated": 0
  },
  {
    "id": "02d19523-bbc1-4109-aae1-efbd376e988e",
    "data": [
      {
        "text": "ну привет",
        "userDefined": false
      }
    ],
    "isTemplate": false,
    "count": 0,
    "updated": 0
  },
  {
    "id": "0fd09118-c164-4906-8c36-2f5361e3655b",
    "data": [
      {
        "text": "И тебе привет",
        "userDefined": false
      }
    ],
    "isTemplate": false,
    "count": 0,
    "updated": 0
  },
  {
    "id": "c5cbf3d4-a8c8-45ae-b1df-119c129b1ca9",
    "data": [
      {
        "text": "хей",
        "userDefined": false
      }
    ],
    "isTemplate": false,
    "count": 3,
    "updated": 0
  },
  {
    "id": "4bea92bb-9eb3-497b-8dbd-69f862192468",
    "data": [
      {
        "text": "ку",
        "userDefined": false
      }
    ],
    "isTemplate": false,
    "count": 10,
    "updated": 0
  },
  {
    "id": "6d3344a8-3079-4e38-9583-56eaec2be13f",
    "data": [
      {
        "text": "приветик",
        "userDefined": false
      }
    ],
    "isTemplate": false,
    "count": 2,
    "updated": 0
  },
  {
    "id": "05f66a22-adea-4c64-8263-7f07e8fc31a9",
    "data": [
      {
        "text": "хеллоу",
        "userDefined": false
      }
    ],
    "isTemplate": false,
    "count": 1,
    "updated": 0
  },
  {
    "id": "4865063d-a598-4940-a490-75186aff9763",
    "data": [
      {
        "text": "ку-ку",
        "userDefined": false
      }
    ],
    "isTemplate": false,
    "count": 4,
    "updated": 0
  },
  {
    "id": "b5b77762-a7e2-473d-b53c-961c849b2459",
    "data": [
      {
        "text": "Але",
        "userDefined": false
      }
    ],
    "isTemplate": false,
    "count": 6,
    "updated": 0
  },
  {
    "id": "7dbf4574-e567-4616-a023-06b90188838d",
    "data": [
      {
        "text": "Прием",
        "userDefined": false
      }
    ],
    "isTemplate": false,
    "count": 3,
    "updated": 0
  },
  {
    "id": "f5839765-f1b3-4ff6-8cbb-027540f5d672",
    "data": [
      {
        "text": "Start",
        "userDefined": false
      }
    ],
    "isTemplate": false,
    "count": 0,
    "updated": 0
  },
  {
    "id": "249d0764-0add-4782-88e2-0d4129887bb7",
    "data": [
      {
        "text": "Але гараж",
        "userDefined": false
      }
    ],
    "isTemplate": false,
    "count": 3,
    "updated": 0
  },
  {
    "id": "3aafc3be-994e-47f0-a7aa-3de694c537a2",
    "data": [
      {
        "text": "Эгегей",
        "userDefined": false
      }
    ],
    "isTemplate": false,
    "count": 2,
    "updated": 0
  },
  {
    "id": "5a294060-14c8-46e9-a595-57f3fa50289c",
    "data": [
      {
        "text": "здравствуйте",
        "userDefined": false
      }
    ],
    "isTemplate": false,
    "count": 1,
    "updated": 0
  },
  {
    "id": "c0d379bf-4c86-4ea2-8807-28aa97e1745c",
    "data": [
      {
        "text": "и снова здравствуйте",
        "userDefined": false
      }
    ],
    "isTemplate": false,
    "count": 0,
    "updated": 0
  },
  {
    "id": "f3f209d1-60bb-4b1f-bc4a-fd29609bab55",
    "data": [
      {
        "text": "хочу сказать тебе привет",
        "userDefined": false
      }
    ],
    "isTemplate": false,
    "count": 0,
    "updated": 0
  },
  {
    "id": "1f7e0c2d-c204-49e0-a4f0-ab5f1e66b513",
    "data": [
      {
        "text": "чао",
        "userDefined": false
      }
    ],
    "isTemplate": false,
    "count": 0,
    "updated": 0
  },
  {
    "id": "d18d3def-5307-4a14-a36f-4e5ff478c1ed",
    "data": [
      {
        "text": "привет привет",
        "userDefined": false
      }
    ],
    "isTemplate": false,
    "count": 0,
    "updated": 0
  },
  {
    "id": "2efb0aa7-68e4-4fa3-bf9e-7aa56980433d",
    "data": [
      {
        "text": "давно не виделись",
        "userDefined": false
      }
    ],
    "isTemplate": false,
    "count": 0,
    "updated": 0
  },
  {
    "id": "848cd94e-a5c1-4b48-88c8-a4f9de43fee5",
    "data": [
      {
        "text": "здравствуй",
        "userDefined": false
      }
    ],
    "isTemplate": false,
    "count": 0,
    "updated": 0
  },
  {
    "id": "9a35e193-41b5-41e4-8a00-f0d5d50ca4bc",
    "data": [
      {
        "text": "всем привет",
        "userDefined": false
      }
    ],
    "isTemplate": false,
    "count": 1,
    "updated": 0
  },
  {
    "id": "8ab42a63-7abe-43fb-bcb5-f961a442f03b",
    "data": [
      {
        "text": "приветствую тебя",
        "userDefined": false
      }
    ],
    "isTemplate": false,
    "count": 0,
    "updated": 0
  },
  {
    "id": "0fbbf602-2379-495a-bbcb-4291de00ad19",
    "data": [
      {
        "text": "приветствую",
        "userDefined": false
      }
    ],
    "isTemplate": false,
    "count": 0,
    "updated": 0
  },
  {
    "id": "5447b153-c9c2-437c-9934-322d5c464b63",
    "data": [
      {
        "text": "просто хотел поздороваться",
        "userDefined": false
      }
    ],
    "isTemplate": false,
    "count": 0,
    "updated": 0
  },
  {
    "id": "a83da044-3aa9-4f57-812f-db3c6bc4a377",
    "data": [
      {
        "text": "хотелось бы тебя поприветствовать",
        "userDefined": false
      }
    ],
    "isTemplate": false,
    "count": 0,
    "updated": 0
  }
]