[
  {
    "id": "349f06dc-9b0b-4afb-85bf-ab56161b4aec",
    "data": [
      {
        "text": "где ты живешь",
        "userDefined": false
      }
    ],
    "isTemplate": false,
    "count": 1,
    "updated": 0
  },
  {
    "id": "75f43479-b0b5-46b1-bb53-7d6b41a74d13",
    "data": [
      {
        "text": "В облаке. Ты сука в облаке.",
        "userDefined": false
      }
    ],
    "isTemplate": false,
    "count": 0,
    "updated": 0
  },
  {
    "id": "54718afb-a14e-4f4c-a7e7-c705bf73aca3",
    "data": [
      {
        "text": "не знаеш закона ома ? сиди дома !",
        "userDefined": false
      }
    ],
    "isTemplate": false,
    "count": 1,
    "updated": 0
  },
  {
    "id": "8fcff18d-307d-4e72-a364-668593cb4456",
    "data": [
      {
        "text": "твой город",
        "userDefined": false
      }
    ],
    "isTemplate": false,
    "count": 0,
    "updated": 0
  },
  {
    "id": "8e462ba3-f2a9-462a-9032-958c15564c21",
    "data": [
      {
        "text": "твой дом",
        "userDefined": false
      }
    ],
    "isTemplate": false,
    "count": 0,
    "updated": 0
  },
  {
    "id": "a8c64757-843d-41a4-92d9-b4ff6ec3e54c",
    "data": [
      {
        "text": "в каком городе ты живешь",
        "userDefined": false
      }
    ],
    "isTemplate": false,
    "count": 0,
    "updated": 0
  },
  {
    "id": "31a09e93-28cd-4df3-8c43-2872a3a1970d",
    "data": [
      {
        "text": "где ты постоянно живёшь",
        "userDefined": false
      }
    ],
    "isTemplate": false,
    "count": 0,
    "updated": 0
  },
  {
    "id": "2adb553b-3a71-4b42-84bb-473be9f913cd",
    "data": [
      {
        "text": "твоё место жительства",
        "userDefined": false
      }
    ],
    "isTemplate": false,
    "count": 0,
    "updated": 0
  },
  {
    "id": "2eb8c3ec-7461-43a5-8b7e-2cc97c4c1f4f",
    "data": [
      {
        "text": "где живёшь",
        "userDefined": false
      }
    ],
    "isTemplate": false,
    "count": 0,
    "updated": 0
  },
  {
    "id": "3f99d531-95c9-4305-9a59-55f63598092e",
    "data": [
      {
        "text": "где твой дом",
        "userDefined": false
      }
    ],
    "isTemplate": false,
    "count": 0,
    "updated": 0
  }
]