[
  {
    "id": "8109aa12-19ed-421e-b764-d364e145200a",
    "data": [
      {
        "text": "С бухлишком",
        "userDefined": false
      }
    ],
    "isTemplate": false,
    "count": 1,
    "updated": 0
  },
  {
    "id": "a81b769f-b8ff-496f-bde7-6b179c975f74",
    "data": [
      {
        "text": "шпроты не забудь",
        "userDefined": false
      }
    ],
    "isTemplate": false,
    "count": 1,
    "updated": 0
  },
  {
    "id": "cb762d6e-aec2-4ffe-92a7-da1d132d7303",
    "data": [
      {
        "text": "бутерброды",
        "userDefined": false
      }
    ],
    "isTemplate": false,
    "count": 1,
    "updated": 0
  },
  {
    "id": "390cd5be-9514-46e3-8d68-4ff895e5b1ad",
    "data": [
      {
        "text": "хуяришь хлеб, масличка туда со шпротов, поджариваешь, лошиль ломтик помидорки, ветчины, сыра",
        "userDefined": false
      }
    ],
    "isTemplate": false,
    "count": 1,
    "updated": 0
  },
  {
    "id": "4c9e5683-0d3e-4c2b-9f3c-d27f9b64f2f5",
    "data": [
      {
        "text": "чем питаешься ?",
        "userDefined": false
      }
    ],
    "isTemplate": false,
    "count": 1,
    "updated": 0
  },
  {
    "id": "ffd93f44-21a1-4a88-a88c-16bb59cc70c4",
    "data": [
      {
        "text": "хочешь что-нибудь поесть",
        "userDefined": false
      }
    ],
    "isTemplate": false,
    "count": 0,
    "updated": 0
  },
  {
    "id": "9184e560-166a-479c-b829-0320e198bb68",
    "data": [
      {
        "text": "ты голодна",
        "userDefined": false
      }
    ],
    "isTemplate": false,
    "count": 0,
    "updated": 0
  },
  {
    "id": "245806cd-0421-4856-a0e9-f5a31f1d97fd",
    "data": [
      {
        "text": "ты голодная",
        "userDefined": false
      }
    ],
    "isTemplate": false,
    "count": 0,
    "updated": 0
  },
  {
    "id": "ab3546be-6b08-44ee-89cb-5b4b90d8c146",
    "data": [
      {
        "text": "возможно ты проголодался",
        "userDefined": false
      }
    ],
    "isTemplate": false,
    "count": 0,
    "updated": 0
  },
  {
    "id": "3b8d0b57-c828-4756-9f85-6e99f708443f",
    "data": [
      {
        "text": "ты очень голоден",
        "userDefined": false
      }
    ],
    "isTemplate": false,
    "count": 1,
    "updated": 0
  },
  {
    "id": "82addf7e-cc75-4570-8294-0c5887a66978",
    "data": [
      {
        "text": "ты так проголодалась",
        "userDefined": false
      }
    ],
    "isTemplate": false,
    "count": 0,
    "updated": 0
  },
  {
    "id": "889dd974-d7a4-4b71-9c91-7f6ca17ea136",
    "data": [
      {
        "text": "ты проголодалась",
        "userDefined": false
      }
    ],
    "isTemplate": false,
    "count": 0,
    "updated": 0
  },
  {
    "id": "93acf28c-713e-493d-a73f-76cdf39304f8",
    "data": [
      {
        "text": "хочешь есть",
        "userDefined": false
      }
    ],
    "isTemplate": false,
    "count": 0,
    "updated": 0
  },
  {
    "id": "a620baf7-4199-42cf-94d4-c3d877d24c89",
    "data": [
      {
        "text": "ты голоден не так ли",
        "userDefined": false
      }
    ],
    "isTemplate": false,
    "count": 0,
    "updated": 0
  }
]