[
  {
    "id": "93167691-69b3-475b-b3da-2a9dc2b4b451",
    "data": [
      {
        "text": "подождите",
        "userDefined": false
      }
    ],
    "isTemplate": false,
    "count": 0,
    "updated": 0
  },
  {
    "id": "ae11b483-e967-45f3-8c72-6f6d763757d1",
    "data": [
      {
        "text": "подожи пожалуйста",
        "userDefined": false
      }
    ],
    "isTemplate": false,
    "count": 0,
    "updated": 0
  },
  {
    "id": "dd88b9f9-039d-4b62-a035-babe483d5d21",
    "data": [
      {
        "text": "притормози",
        "userDefined": false
      }
    ],
    "isTemplate": false,
    "count": 0,
    "updated": 0
  },
  {
    "id": "45bc8a65-2ffd-4297-b538-cfec388295bb",
    "data": [
      {
        "text": "подожди секундочку",
        "userDefined": false
      }
    ],
    "isTemplate": false,
    "count": 0,
    "updated": 0
  },
  {
    "id": "2dc1c2d2-2f80-4df4-ad8d-07c6e125ec94",
    "data": [
      {
        "text": "не торопись",
        "userDefined": false
      }
    ],
    "isTemplate": false,
    "count": 0,
    "updated": 0
  },
  {
    "id": "0f16a89a-eb30-4ff8-a605-5961e0e5b96b",
    "data": [
      {
        "text": "постой",
        "userDefined": false
      }
    ],
    "isTemplate": false,
    "count": 0,
    "updated": 0
  },
  {
    "id": "3cc780b9-3470-4896-b277-4b1b2033bc27",
    "data": [
      {
        "text": "можешь подождать",
        "userDefined": false
      }
    ],
    "isTemplate": false,
    "count": 0,
    "updated": 0
  },
  {
    "id": "ac98c083-b9bd-4230-8ea1-c2cb70aae59d",
    "data": [
      {
        "text": "постой подожди",
        "userDefined": false
      }
    ],
    "isTemplate": false,
    "count": 0,
    "updated": 0
  },
  {
    "id": "36f0c4c6-4427-44e0-8e6b-124f218528d9",
    "data": [
      {
        "text": "погоди",
        "userDefined": false
      }
    ],
    "isTemplate": false,
    "count": 0,
    "updated": 0
  }
]