[
  {
    "id": "69d3f65c-7e75-4632-bc09-b286c24a2ad3",
    "data": [
      {
        "text": "иди спать",
        "userDefined": false
      }
    ],
    "isTemplate": false,
    "count": 4,
    "updated": 1531263633
  },
  {
    "id": "d31ce775-43c9-424d-9a7c-2db54d598c3d",
    "data": [
      {
        "text": "уйди",
        "userDefined": false
      }
    ],
    "isTemplate": false,
    "count": 1,
    "updated": 1550315541
  },
  {
    "id": "c7485126-096c-4a42-8c9f-4b924c1766cb",
    "data": [
      {
        "text": "надеюсь скоро увидимся",
        "userDefined": false
      }
    ],
    "isTemplate": false,
    "count": 0,
    "updated": 1550315541
  },
  {
    "id": "7a602e98-8f54-4f30-8b24-d58eab7b46fb",
    "data": [
      {
        "text": "оставь меня",
        "userDefined": false
      }
    ],
    "isTemplate": false,
    "count": 0,
    "updated": 1550315541
  },
  {
    "id": "04e127ea-208f-4065-8004-b395f0d5e21c",
    "data": [
      {
        "text": "мне пора идти",
        "userDefined": false
      }
    ],
    "isTemplate": false,
    "count": 0,
    "updated": 1550315541
  },
  {
    "id": "9c579282-db8b-4dbc-a394-8a1e3790b03b",
    "data": [
      {
        "text": "увидимся",
        "userDefined": false
      }
    ],
    "isTemplate": false,
    "count": 2,
    "updated": 1550315541
  },
  {
    "id": "6dc78947-2e2d-4e81-93ca-28d20bcd509e",
    "data": [
      {
        "text": "пока пока спокойной ночи",
        "userDefined": false
      }
    ],
    "isTemplate": false,
    "count": 0,
    "updated": 1550315541
  },
  {
    "id": "c9657448-f0ee-4090-b869-9a5b137319b0",
    "data": [
      {
        "text": "окей до скорого",
        "userDefined": false
      }
    ],
    "isTemplate": false,
    "count": 0,
    "updated": 1550315541
  },
  {
    "id": "86b2ce10-66c7-46a2-9702-e8391ee04f5d",
    "data": [
      {
        "text": "поговорим позже",
        "userDefined": false
      }
    ],
    "isTemplate": false,
    "count": 1,
    "updated": 1550315541
  },
  {
    "id": "0275b28f-068d-4187-8c23-91afcebb40ab",
    "data": [
      {
        "text": "должен оставить тебя",
        "userDefined": false
      }
    ],
    "isTemplate": false,
    "count": 0,
    "updated": 1550315541
  },
  {
    "id": "2eefc636-232a-4ac1-91e6-63637def9351",
    "data": [
      {
        "text": "теперь прощемся",
        "userDefined": false
      }
    ],
    "isTemplate": false,
    "count": 0,
    "updated": 1531263633
  },
  {
    "id": "2c93e704-9588-48a3-b76e-7ba0c0e9e0b4",
    "data": [
      {
        "text": "счастливо оставаться",
        "userDefined": false
      }
    ],
    "isTemplate": false,
    "count": 0,
    "updated": 1531263633
  },
  {
    "id": "f48e0754-151f-42d2-92b9-b319af3848cf",
    "data": [
      {
        "text": "чао",
        "userDefined": false
      }
    ],
    "isTemplate": false,
    "count": 0,
    "updated": 1531263633
  },
  {
    "id": "59e8b52e-5a5e-4274-a1a4-de73f517e9d4",
    "data": [
      {
        "text": "пока",
        "userDefined": false
      }
    ],
    "isTemplate": false,
    "count": 0,
    "updated": 1531263633
  },
  {
    "id": "22045205-2772-48b0-8bcd-3ecffaa83ed2",
    "data": [
      {
        "text": "на этом всё пока",
        "userDefined": false
      }
    ],
    "isTemplate": false,
    "count": 0,
    "updated": 1531263633
  },
  {
    "id": "7779992c-c2fe-412f-95de-c3dcb6a2d362",
    "data": [
      {
        "text": "до завтра",
        "userDefined": false
      }
    ],
    "isTemplate": false,
    "count": 0,
    "updated": 1531263633
  },
  {
    "id": "4793022b-9acb-4348-9ad2-7708e20c18e0",
    "data": [
      {
        "text": "до свидания",
        "userDefined": false
      }
    ],
    "isTemplate": false,
    "count": 0,
    "updated": 1531263633
  },
  {
    "id": "805ff859-2c07-4127-bdde-d2c1cff3b3dc",
    "data": [
      {
        "text": "спасибо и пока",
        "userDefined": false
      }
    ],
    "isTemplate": false,
    "count": 0,
    "updated": 1531263633
  },
  {
    "id": "235cdb44-45d1-41aa-96e4-2918388de8f0",
    "data": [
      {
        "text": "вот и всё прощай",
        "userDefined": false
      }
    ],
    "isTemplate": false,
    "count": 0,
    "updated": 1531263633
  },
  {
    "id": "e6cad697-f887-434a-a758-ed020aadd6ba",
    "data": [
      {
        "text": "увидимся на неделе",
        "userDefined": false
      }
    ],
    "isTemplate": false,
    "count": 0,
    "updated": 1531263633
  },
  {
    "id": "778f4775-d79f-4961-ac1b-d240af116cd1",
    "data": [
      {
        "text": "вынужден тебя покинуть",
        "userDefined": false
      }
    ],
    "isTemplate": false,
    "count": 0,
    "updated": 1531263633
  },
  {
    "id": "56a4018f-d2f6-4b17-aa06-7d9aedd27eba",
    "data": [
      {
        "text": "счастливо",
        "userDefined": false
      }
    ],
    "isTemplate": false,
    "count": 0,
    "updated": 1531263633
  },
  {
    "id": "b9d9f059-946b-4584-bf8e-e9bfb230151f",
    "data": [
      {
        "text": "до скорой встречи",
        "userDefined": false
      }
    ],
    "isTemplate": false,
    "count": 0,
    "updated": 1531263633
  },
  {
    "id": "c793f6af-dcd3-4a6a-92cc-8fc9d5a83817",
    "data": [
      {
        "text": "ты свободна",
        "userDefined": false
      }
    ],
    "isTemplate": false,
    "count": 0,
    "updated": 1531263633
  },
  {
    "id": "ac6bf6c4-18ef-45d1-aafd-3cbeb519eb7b",
    "data": [
      {
        "text": "теперь ты свободен",
        "userDefined": false
      }
    ],
    "isTemplate": false,
    "count": 0,
    "updated": 1531263633
  },
  {
    "id": "095786f5-34ea-48cc-bedf-19f25dfdd54b",
    "data": [
      {
        "text": "пока увидимся позже",
        "userDefined": false
      }
    ],
    "isTemplate": false,
    "count": 0,
    "updated": 1531263633
  },
  {
    "id": "b944e38c-8b3c-4043-9954-df2a6356a387",
    "data": [
      {
        "text": "увидимся завтра",
        "userDefined": false
      }
    ],
    "isTemplate": false,
    "count": 0,
    "updated": 1531263633
  },
  {
    "id": "fb6e4452-3f35-4154-b954-a009eae4054b",
    "data": [
      {
        "text": "до скорого",
        "userDefined": false
      }
    ],
    "isTemplate": false,
    "count": 0,
    "updated": 1531263633
  },
  {
    "id": "1e3e8851-7155-4180-8b6c-14b8443d7884",
    "data": [
      {
        "text": "прощай",
        "userDefined": false
      }
    ],
    "isTemplate": false,
    "count": 0,
    "updated": 1531263633
  },
  {
    "id": "105db912-01d8-4caa-92cc-db31fbbb903e",
    "data": [
      {
        "text": "пока пока",
        "userDefined": false
      }
    ],
    "isTemplate": false,
    "count": 0,
    "updated": 1531263633
  },
  {
    "id": "9c432725-b527-4611-9e23-e3a35a925211",
    "data": [
      {
        "text": "пора прощаться",
        "userDefined": false
      }
    ],
    "isTemplate": false,
    "count": 0,
    "updated": 1531263633
  },
  {
    "id": "5aaf73be-a4e3-4b84-b868-aa513539dc0c",
    "data": [
      {
        "text": "оставь меня в покое",
        "userDefined": false
      }
    ],
    "isTemplate": false,
    "count": 0,
    "updated": 1531263633
  }
]