[
  {
    "id": "909c64f4-46c1-4d0f-843b-c3e0e9e0bdb3",
    "data": [
      {
        "text": "Расскажи историю про лыжи!",
        "userDefined": false
      }
    ],
    "isTemplate": false,
    "count": 0,
    "updated": 0
  },
  {
    "id": "7c09fc72-2fa7-4d5e-b180-32f1c46654df",
    "data": [
      {
        "text": "Начать",
        "userDefined": false
      }
    ],
    "isTemplate": false,
    "count": 0,
    "updated": 0
  },
  {
    "id": "bbde3cd0-bf43-4336-a01c-b034e9373e59",
    "data": [
      {
        "text": "скажи у тебя есть хобби",
        "userDefined": false
      }
    ],
    "isTemplate": false,
    "count": 0,
    "updated": 0
  },
  {
    "id": "db5e11bc-357f-4476-aca0-060e197321e1",
    "data": [
      {
        "text": "какие у тебя хобби",
        "userDefined": false
      }
    ],
    "isTemplate": false,
    "count": 0,
    "updated": 0
  },
  {
    "id": "d20fbb72-6060-42bb-ba41-056d4896bfb4",
    "data": [
      {
        "text": "какие у тебя увлечения",
        "userDefined": false
      }
    ],
    "isTemplate": false,
    "count": 0,
    "updated": 0
  },
  {
    "id": "14341b25-81cd-4032-9ba9-9a006b2d3bc0",
    "data": [
      {
        "text": "у тебя есть увлечение",
        "userDefined": false
      }
    ],
    "isTemplate": false,
    "count": 0,
    "updated": 0
  },
  {
    "id": "c53edb8e-1bca-42d3-a30b-8210fdd4cde7",
    "data": [
      {
        "text": "твои увлечения",
        "userDefined": false
      }
    ],
    "isTemplate": false,
    "count": 0,
    "updated": 0
  },
  {
    "id": "b9c08c67-8d87-4286-981a-639295950801",
    "data": [
      {
        "text": "твои хобби",
        "userDefined": false
      }
    ],
    "isTemplate": false,
    "count": 0,
    "updated": 0
  },
  {
    "id": "b8121760-0fc8-4055-8d71-64837b67eb70",
    "data": [
      {
        "text": "расскажи про своё хобби",
        "userDefined": false
      }
    ],
    "isTemplate": false,
    "count": 0,
    "updated": 0
  }
]