[
  {
    "id": "75fb2279-ec29-4219-a79e-1393e67e4478",
    "data": [
      {
        "text": "Доброе утро, блять",
        "userDefined": false
      }
    ],
    "isTemplate": false,
    "count": 0,
    "updated": 0
  },
  {
    "id": "bf2f4cb6-966b-4cf7-80f7-182554acfaa4",
    "data": [
      {
        "text": "доброе утро",
        "userDefined": false
      }
    ],
    "isTemplate": false,
    "count": 1,
    "updated": 0
  },
  {
    "id": "a17ac987-503b-4241-9c5c-1e6a736b6a7d",
    "data": [
      {
        "text": "доброго утра",
        "userDefined": false
      }
    ],
    "isTemplate": false,
    "count": 0,
    "updated": 0
  },
  {
    "id": "d90f0701-54f0-4c60-b9a5-1ed769048c19",
    "data": [
      {
        "text": "прекрасного утра",
        "userDefined": false
      }
    ],
    "isTemplate": false,
    "count": 0,
    "updated": 0
  },
  {
    "id": "a7c6a2b5-1fa8-4254-a251-61ce7565d447",
    "data": [
      {
        "text": "хорошего утра",
        "userDefined": false
      }
    ],
    "isTemplate": false,
    "count": 0,
    "updated": 0
  },
  {
    "id": "242f6753-e382-4e1d-8e0b-155b78cd5f11",
    "data": [
      {
        "text": "утро доброе",
        "userDefined": false
      }
    ],
    "isTemplate": false,
    "count": 0,
    "updated": 0
  },
  {
    "id": "5870b91e-b3f2-47cb-8318-30dec5116395",
    "data": [
      {
        "text": "доброго тебе утра",
        "userDefined": false
      }
    ],
    "isTemplate": false,
    "count": 0,
    "updated": 0
  },
  {
    "id": "7c881d11-ab70-4e52-9ab8-cf9d1b33a96a",
    "data": [
      {
        "text": "утро доброе утро",
        "userDefined": false
      }
    ],
    "isTemplate": false,
    "count": 0,
    "updated": 0
  },
  {
    "id": "783057c1-b363-47f6-b0b9-97eca1711698",
    "data": [
      {
        "text": "привет и хорошего утра тебе",
        "userDefined": false
      }
    ],
    "isTemplate": false,
    "count": 0,
    "updated": 0
  },
  {
    "id": "5b583d81-d557-4dfd-b10c-929d35797da7",
    "data": [
      {
        "text": "с добрым утром",
        "userDefined": false
      }
    ],
    "isTemplate": false,
    "count": 0,
    "updated": 0
  },
  {
    "id": "408e2b05-ea3f-4407-ae8f-acba3ea145d1",
    "data": [
      {
        "text": "привет с добрым утром",
        "userDefined": false
      }
    ],
    "isTemplate": false,
    "count": 0,
    "updated": 0
  },
  {
    "id": "1bc6d34b-37fb-43a0-8b28-31b79d92b9ac",
    "data": [
      {
        "text": "с",
        "meta": "@sys.ignore",
        "userDefined": false
      },
      {
        "text": " добрым утром тебя",
        "userDefined": false
      }
    ],
    "isTemplate": false,
    "count": 0,
    "updated": 0
  },
  {
    "id": "6b6df1bd-f9d4-4c1c-8475-8fab7753709f",
    "data": [
      {
        "text": "и тебя с добрым утром",
        "userDefined": false
      }
    ],
    "isTemplate": false,
    "count": 0,
    "updated": 0
  },
  {
    "id": "41a496f4-372d-4079-bf86-fb7a4c280cb5",
    "data": [
      {
        "text": "добрейшего утра",
        "userDefined": false
      }
    ],
    "isTemplate": false,
    "count": 0,
    "updated": 0
  }
]