[
  {
    "id": "8a91b37a-c9e1-43df-8e53-71c3728e5048",
    "data": [
      {
        "text": "уверена",
        "userDefined": false
      }
    ],
    "isTemplate": false,
    "count": 0,
    "updated": 0
  },
  {
    "id": "f4336635-d20c-4631-9c81-fcb49673767d",
    "data": [
      {
        "text": "уверен сейчас",
        "userDefined": false
      }
    ],
    "isTemplate": false,
    "count": 0,
    "updated": 0
  },
  {
    "id": "3aa2b8e5-0c30-4cd6-8a5e-9d10c722d574",
    "data": [
      {
        "text": "ты в этом уверена",
        "userDefined": false
      }
    ],
    "isTemplate": false,
    "count": 0,
    "updated": 0
  },
  {
    "id": "d05bb1ec-3451-43b7-9302-e20346f2b310",
    "data": [
      {
        "text": "ты в этом не сомневаешься",
        "userDefined": false
      }
    ],
    "isTemplate": false,
    "count": 0,
    "updated": 0
  },
  {
    "id": "cc1cac72-b659-4260-9175-726aee49e0f1",
    "data": [
      {
        "text": "ты уверен",
        "userDefined": false
      }
    ],
    "isTemplate": false,
    "count": 0,
    "updated": 0
  },
  {
    "id": "21ac69e1-6d2a-407b-9ea1-eff374c6ea2d",
    "data": [
      {
        "text": "ты был в этом уверен",
        "userDefined": false
      }
    ],
    "isTemplate": false,
    "count": 0,
    "updated": 0
  },
  {
    "id": "b4902973-38c6-44ab-bb8e-266697ef2b01",
    "data": [
      {
        "text": "ты сейчас уверена",
        "userDefined": false
      }
    ],
    "isTemplate": false,
    "count": 0,
    "updated": 0
  },
  {
    "id": "40f9c3dd-6cce-484d-9345-62f9101319fb",
    "data": [
      {
        "text": "не сомневаешься",
        "userDefined": false
      }
    ],
    "isTemplate": false,
    "count": 0,
    "updated": 0
  }
]