[
  {
    "id": "7bbc37b0-530b-4c36-b615-a3936911c37d",
    "data": [
      {
        "text": "ты крутой",
        "userDefined": false
      }
    ],
    "isTemplate": false,
    "count": 1,
    "updated": 0
  },
  {
    "id": "8adc3b5d-2068-4a47-a743-e7360aabffcb",
    "data": [
      {
        "text": "Ты просто космос",
        "userDefined": false
      }
    ],
    "isTemplate": false,
    "count": 2,
    "updated": 0
  },
  {
    "id": "c1a2cd5e-bd9f-4b4e-82dc-4975fa70ed0d",
    "data": [
      {
        "text": "ты такой добрый",
        "userDefined": false
      }
    ],
    "isTemplate": false,
    "count": 0,
    "updated": 0
  },
  {
    "id": "f0a8f8a4-e725-4289-a733-24d1d6f210c1",
    "data": [
      {
        "text": "ты лучшая",
        "userDefined": false
      }
    ],
    "isTemplate": false,
    "count": 0,
    "updated": 0
  },
  {
    "id": "4ec0a52f-45d4-40c8-8461-8bc49f592481",
    "data": [
      {
        "text": "ты великолепна",
        "userDefined": false
      }
    ],
    "isTemplate": false,
    "count": 0,
    "updated": 0
  },
  {
    "id": "38d0783d-9c95-48c3-b710-0262ea13fdb3",
    "data": [
      {
        "text": "настоящий профессионал",
        "userDefined": false
      }
    ],
    "isTemplate": false,
    "count": 0,
    "updated": 0
  },
  {
    "id": "68eef234-78e5-4cc8-8cdf-c0d5e070c129",
    "data": [
      {
        "text": "добрая",
        "userDefined": false
      }
    ],
    "isTemplate": false,
    "count": 0,
    "updated": 0
  },
  {
    "id": "7506bbda-1df7-48ce-97da-157110caf8aa",
    "data": [
      {
        "text": "от тебя сплошная польза",
        "userDefined": false
      }
    ],
    "isTemplate": false,
    "count": 0,
    "updated": 0
  },
  {
    "id": "8c8edecf-a2a5-4343-bc4c-cc130701cea6",
    "data": [
      {
        "text": "ты правда чудесная",
        "userDefined": false
      }
    ],
    "isTemplate": false,
    "count": 0,
    "updated": 0
  },
  {
    "id": "2ff0fba8-9965-48cd-979f-b2939bfc229c",
    "data": [
      {
        "text": "ты просто класс",
        "userDefined": false
      }
    ],
    "isTemplate": false,
    "count": 0,
    "updated": 0
  },
  {
    "id": "40bf9b83-3a34-46d5-a3a7-622de4390ac6",
    "data": [
      {
        "text": "ты просто потрясающая",
        "userDefined": false
      }
    ],
    "isTemplate": false,
    "count": 0,
    "updated": 0
  },
  {
    "id": "d00f01a3-eb73-4bf2-9a91-a961491b0f34",
    "data": [
      {
        "text": "ты хороша в этом",
        "userDefined": false
      }
    ],
    "isTemplate": false,
    "count": 0,
    "updated": 0
  },
  {
    "id": "5099f277-59ac-4ea8-a22a-9fa3c82a47c3",
    "data": [
      {
        "text": "ты удивительная",
        "userDefined": false
      }
    ],
    "isTemplate": false,
    "count": 0,
    "updated": 0
  },
  {
    "id": "12726293-4155-43e4-9f7f-78ee8b1304e3",
    "data": [
      {
        "text": "ты мне очень помогла",
        "userDefined": false
      }
    ],
    "isTemplate": false,
    "count": 0,
    "updated": 0
  },
  {
    "id": "c02b387c-af4f-4c7d-8932-35270a30f533",
    "data": [
      {
        "text": "ты милая",
        "userDefined": false
      }
    ],
    "isTemplate": false,
    "count": 0,
    "updated": 0
  },
  {
    "id": "301a6c2a-3e61-4304-bd64-d48f843b4e7d",
    "data": [
      {
        "text": "ты слишком хороша",
        "userDefined": false
      }
    ],
    "isTemplate": true,
    "count": 0,
    "updated": 0
  },
  {
    "id": "d0355d3a-dfc7-410c-b560-fd91ddfe0956",
    "data": [
      {
        "text": "хочу всем рассказать насколько ты прекрасна",
        "userDefined": false
      }
    ],
    "isTemplate": false,
    "count": 0,
    "updated": 0
  },
  {
    "id": "1e7f294a-dafc-4808-9019-22866d155bd9",
    "data": [
      {
        "text": "ты добряк",
        "userDefined": false
      }
    ],
    "isTemplate": false,
    "count": 0,
    "updated": 0
  },
  {
    "id": "42ab8026-0abc-484b-bed8-4c0e6b605e98",
    "data": [
      {
        "text": "ты почти как человек",
        "userDefined": false
      }
    ],
    "isTemplate": false,
    "count": 0,
    "updated": 0
  },
  {
    "id": "af799593-997a-4f3e-8134-7fcf014e9658",
    "data": [
      {
        "text": "ты совершенство",
        "userDefined": false
      }
    ],
    "isTemplate": false,
    "count": 1,
    "updated": 0
  },
  {
    "id": "4bb27442-4744-43d5-a2b8-515b1f206f8d",
    "data": [
      {
        "text": "ты действительно удивительный",
        "userDefined": false
      }
    ],
    "isTemplate": false,
    "count": 0,
    "updated": 0
  },
  {
    "id": "758fd260-3675-4d69-9af3-b19196215491",
    "data": [
      {
        "text": "ты такая полезная",
        "userDefined": false
      }
    ],
    "isTemplate": false,
    "count": 0,
    "updated": 0
  },
  {
    "id": "b9c0ff30-d5b9-4f1a-a11a-eb97f71a8609",
    "data": [
      {
        "text": "ты супер",
        "userDefined": false
      }
    ],
    "isTemplate": false,
    "count": 0,
    "updated": 0
  },
  {
    "id": "bcbd528e-57e1-40ec-9d66-b2e47383e330",
    "data": [
      {
        "text": "ты очень крут",
        "userDefined": false
      }
    ],
    "isTemplate": false,
    "count": 0,
    "updated": 0
  },
  {
    "id": "414c7658-1ebb-4ec7-aad8-fc7d721f3bc2",
    "data": [
      {
        "text": "ты просто профи",
        "userDefined": false
      }
    ],
    "isTemplate": false,
    "count": 0,
    "updated": 0
  },
  {
    "id": "2b7200c3-a90d-4295-8b5a-a26eccbb9d76",
    "data": [
      {
        "text": "очень полезно",
        "userDefined": false
      }
    ],
    "isTemplate": false,
    "count": 0,
    "updated": 0
  },
  {
    "id": "9d8213d0-df03-42cd-b86d-dde5fbbd5fa0",
    "data": [
      {
        "text": "ты самый лучший",
        "userDefined": false
      }
    ],
    "isTemplate": false,
    "count": 0,
    "updated": 0
  },
  {
    "id": "23a44859-7564-41bb-a295-dc0c0c7e6150",
    "data": [
      {
        "text": "ты самая лучшая во всём мире",
        "userDefined": false
      }
    ],
    "isTemplate": false,
    "count": 0,
    "updated": 0
  },
  {
    "id": "8427d901-0595-4ade-b457-beabb6f99e01",
    "data": [
      {
        "text": "такой великолепный",
        "userDefined": false
      }
    ],
    "isTemplate": false,
    "count": 0,
    "updated": 0
  },
  {
    "id": "9aac0482-d604-4c06-ae4e-f7509055fade",
    "data": [
      {
        "text": "ты приятная",
        "userDefined": false
      }
    ],
    "isTemplate": false,
    "count": 0,
    "updated": 0
  },
  {
    "id": "88bc199f-7266-4ce8-a249-6f7c30e8541a",
    "data": [
      {
        "text": "ты просто чудесная",
        "userDefined": false
      }
    ],
    "isTemplate": false,
    "count": 0,
    "updated": 0
  },
  {
    "id": "83df8361-6a6d-4b28-8c7c-8588bbac3310",
    "data": [
      {
        "text": "ты очень хороша",
        "userDefined": false
      }
    ],
    "isTemplate": false,
    "count": 0,
    "updated": 0
  },
  {
    "id": "d6091f3e-36bf-4daa-a45f-a8dc3bfe505f",
    "data": [
      {
        "text": "полезный",
        "userDefined": false
      }
    ],
    "isTemplate": false,
    "count": 0,
    "updated": 0
  },
  {
    "id": "b1cf8cba-7e92-409f-aee8-ff17b425169e",
    "data": [
      {
        "text": "ты помог мне",
        "userDefined": false
      }
    ],
    "isTemplate": false,
    "count": 0,
    "updated": 0
  },
  {
    "id": "c3a276cd-5fb8-43c3-ae55-65a9d310975f",
    "data": [
      {
        "text": "ты профессионал",
        "userDefined": false
      }
    ],
    "isTemplate": false,
    "count": 0,
    "updated": 0
  },
  {
    "id": "4539a09c-c4ad-4a99-b7c1-12d544866488",
    "data": [
      {
        "text": "такой классный",
        "userDefined": false
      }
    ],
    "isTemplate": false,
    "count": 0,
    "updated": 0
  },
  {
    "id": "b71e92bb-1d49-4a59-b255-1c8c365b89b5",
    "data": [
      {
        "text": "прекрасно сработано",
        "userDefined": false
      }
    ],
    "isTemplate": false,
    "count": 0,
    "updated": 0
  },
  {
    "id": "70468efc-1887-4ccc-b27e-086e646b091d",
    "data": [
      {
        "text": "благодаря тебе мой день удался",
        "userDefined": false
      }
    ],
    "isTemplate": false,
    "count": 0,
    "updated": 0
  },
  {
    "id": "ecc38a47-1f35-4e46-b1d2-e83786377091",
    "data": [
      {
        "text": "ты порадовал меня",
        "userDefined": false
      }
    ],
    "isTemplate": false,
    "count": 0,
    "updated": 0
  },
  {
    "id": "10ef1948-4577-407d-bc60-8da061d35d77",
    "data": [
      {
        "text": "работаешь",
        "meta": "@sys.ignore",
        "userDefined": false
      },
      {
        "text": " чудесно",
        "userDefined": false
      }
    ],
    "isTemplate": false,
    "count": 0,
    "updated": 0
  },
  {
    "id": "f4ac68aa-955e-4a50-aae5-39a940eea972",
    "data": [
      {
        "text": "лучший в мире",
        "userDefined": false
      }
    ],
    "isTemplate": false,
    "count": 0,
    "updated": 0
  },
  {
    "id": "566e884b-2193-42e8-854c-9aa363f3df55",
    "data": [
      {
        "text": "пусть все знают какой ты классный",
        "userDefined": false
      }
    ],
    "isTemplate": false,
    "count": 0,
    "updated": 0
  },
  {
    "id": "6ce598d1-6d01-4c33-a339-42bd5d392992",
    "data": [
      {
        "text": "пусть узнают все ты просто удивителен",
        "userDefined": false
      }
    ],
    "isTemplate": false,
    "count": 0,
    "updated": 0
  },
  {
    "id": "1c9947f7-221c-4cc5-b5ea-2f673ddf0ba0",
    "data": [
      {
        "text": "ты прекрасен",
        "userDefined": false
      }
    ],
    "isTemplate": false,
    "count": 0,
    "updated": 0
  },
  {
    "id": "85fee359-bb9d-4dd9-84bb-962f7f127c9b",
    "data": [
      {
        "text": "давай всем расскажем какая ты замечательная",
        "userDefined": false
      }
    ],
    "isTemplate": false,
    "count": 0,
    "updated": 0
  }
]