[
  {
    "id": "1acba560-97c5-4514-b0c4-0de04dfd9c77",
    "data": [
      {
        "text": "ты интеллектуал",
        "userDefined": false
      }
    ],
    "isTemplate": false,
    "count": 0,
    "updated": 0
  },
  {
    "id": "f3235cb4-13cd-445b-930e-b37cbfa0ee7c",
    "data": [
      {
        "text": "соображаешь",
        "userDefined": false
      }
    ],
    "isTemplate": false,
    "count": 0,
    "updated": 0
  },
  {
    "id": "a88b76c9-63d9-44b8-bcf1-453af3327e5a",
    "data": [
      {
        "text": "самый умный",
        "userDefined": false
      }
    ],
    "isTemplate": false,
    "count": 0,
    "updated": 0
  },
  {
    "id": "751140af-a8ef-4be4-9a12-0fed2713819d",
    "data": [
      {
        "text": "умно",
        "meta": "@sys.ignore",
        "userDefined": true
      }
    ],
    "isTemplate": false,
    "count": 0,
    "updated": 0
  },
  {
    "id": "30e6e96a-cb7c-402f-a110-3f8c51b9afca",
    "data": [
      {
        "text": "какой же ты умник",
        "userDefined": false
      }
    ],
    "isTemplate": false,
    "count": 0,
    "updated": 0
  },
  {
    "id": "42848e71-ead8-4efa-abd5-9ef78025e5a0",
    "data": [
      {
        "text": "у тебя высокая квалификация",
        "userDefined": false
      }
    ],
    "isTemplate": false,
    "count": 0,
    "updated": 0
  },
  {
    "id": "6b6fcdd1-c2ad-47e1-a52c-be5338a600b2",
    "data": [
      {
        "text": "ты действительно умна",
        "userDefined": false
      }
    ],
    "isTemplate": false,
    "count": 0,
    "updated": 0
  },
  {
    "id": "e85bda85-5423-41a7-944e-27963619fe0b",
    "data": [
      {
        "text": "умник",
        "userDefined": false
      }
    ],
    "isTemplate": false,
    "count": 0,
    "updated": 0
  },
  {
    "id": "8c1b42ce-276c-45e2-b11e-91fb2ee303f3",
    "data": [
      {
        "text": "сообразительный",
        "userDefined": false
      }
    ],
    "isTemplate": false,
    "count": 0,
    "updated": 0
  },
  {
    "id": "b3ad60cf-a0b6-4e61-b20c-ea5f2bc99a96",
    "data": [
      {
        "text": "такой гениальный",
        "userDefined": false
      }
    ],
    "isTemplate": false,
    "count": 0,
    "updated": 0
  },
  {
    "id": "dde38387-7a4e-4c25-a68e-926ceda25d7d",
    "data": [
      {
        "text": "ты гений",
        "userDefined": false
      }
    ],
    "isTemplate": false,
    "count": 0,
    "updated": 0
  },
  {
    "id": "684371dc-53fc-4fd0-99f8-7410a6e6b5a3",
    "data": [
      {
        "text": "ты очень образованная",
        "userDefined": false
      }
    ],
    "isTemplate": false,
    "count": 0,
    "updated": 0
  },
  {
    "id": "91de8cd2-e1e6-484b-b518-b690c4149a33",
    "data": [
      {
        "text": "ты умная",
        "userDefined": false
      }
    ],
    "isTemplate": false,
    "count": 0,
    "updated": 0
  },
  {
    "id": "50f716e9-c507-41a8-8429-0cbcd33d0fa6",
    "data": [
      {
        "text": "ты довольно умён",
        "userDefined": false
      }
    ],
    "isTemplate": false,
    "count": 0,
    "updated": 0
  },
  {
    "id": "f06801a1-b1cd-4140-9235-2d363f35d4d8",
    "data": [
      {
        "text": "как же ты гениален",
        "userDefined": false
      }
    ],
    "isTemplate": false,
    "count": 0,
    "updated": 0
  },
  {
    "id": "ecc89108-9dc4-4708-9ee5-141e6c45bcd2",
    "data": [
      {
        "text": "ты умён",
        "userDefined": false
      }
    ],
    "isTemplate": false,
    "count": 0,
    "updated": 0
  },
  {
    "id": "3417be5b-f842-4570-ac5b-4d0878396117",
    "data": [
      {
        "text": "ты действительно умный",
        "userDefined": false
      }
    ],
    "isTemplate": false,
    "count": 1,
    "updated": 0
  },
  {
    "id": "3184d423-8d6c-4e08-874d-309aab1c8465",
    "data": [
      {
        "text": "ты образованный",
        "userDefined": false
      }
    ],
    "isTemplate": false,
    "count": 0,
    "updated": 0
  },
  {
    "id": "268d45a9-3c0e-4e36-aff1-2c13e9ed2362",
    "data": [
      {
        "text": "ты сообразительная",
        "userDefined": false
      }
    ],
    "isTemplate": false,
    "count": 0,
    "updated": 0
  },
  {
    "id": "0dd90c87-7dec-47c4-a535-1757d6d09f24",
    "data": [
      {
        "text": "такой умный",
        "userDefined": false
      }
    ],
    "isTemplate": false,
    "count": 0,
    "updated": 0
  },
  {
    "id": "01428866-b5e1-402d-aa14-88c2c3f199b2",
    "data": [
      {
        "text": "у тебя много знаний",
        "userDefined": false
      }
    ],
    "isTemplate": false,
    "count": 0,
    "updated": 0
  },
  {
    "id": "f8c2ebcc-8654-46d7-aa2f-5eff0ad46f10",
    "data": [
      {
        "text": "слишком умная",
        "userDefined": false
      }
    ],
    "isTemplate": false,
    "count": 0,
    "updated": 0
  },
  {
    "id": "f58e431e-3b26-4a2d-8b4c-01126f1242f1",
    "data": [
      {
        "text": "ты много знаешь",
        "userDefined": false
      }
    ],
    "isTemplate": false,
    "count": 0,
    "updated": 0
  },
  {
    "id": "0b2deb26-12ee-496b-b684-786df7fedaaa",
    "data": [
      {
        "text": "ты знаешь так много всего",
        "userDefined": false
      }
    ],
    "isTemplate": false,
    "count": 0,
    "updated": 0
  },
  {
    "id": "ace117f6-f53b-46bb-a6a7-dd5305ab6dbd",
    "data": [
      {
        "text": "умничка",
        "userDefined": false
      }
    ],
    "isTemplate": false,
    "count": 0,
    "updated": 0
  },
  {
    "id": "82fc2227-8ddf-49de-9052-10cabbd3c73b",
    "data": [
      {
        "text": "и почему ты такой умный",
        "userDefined": false
      }
    ],
    "isTemplate": false,
    "count": 0,
    "updated": 0
  },
  {
    "id": "c60ce39c-74b0-47c3-a45f-31fac2e64fec",
    "data": [
      {
        "text": "и откуда ты всё знаешь",
        "userDefined": false
      }
    ],
    "isTemplate": false,
    "count": 0,
    "updated": 0
  },
  {
    "id": "9abb0125-e740-4103-829a-dccba79794b1",
    "data": [
      {
        "text": "как же ты умна",
        "userDefined": false
      }
    ],
    "isTemplate": false,
    "count": 0,
    "updated": 0
  },
  {
    "id": "0cbcb2d9-89ad-4701-819a-5eede2d6a6a6",
    "data": [
      {
        "text": "какая же ты умница",
        "userDefined": false
      }
    ],
    "isTemplate": false,
    "count": 0,
    "updated": 0
  },
  {
    "id": "edb47506-c5e7-4880-ac6d-d9b774acb6f4",
    "data": [
      {
        "text": "ты высококвалифицированный эксперт",
        "userDefined": false
      }
    ],
    "isTemplate": false,
    "count": 0,
    "updated": 0
  }
]