[
  {
    "id": "ea2ee238-115f-44d4-9e81-dd9237f929d9",
    "data": [
      {
        "text": "здорово увидеть тебя снова",
        "userDefined": false
      }
    ],
    "isTemplate": false,
    "count": 0,
    "updated": 0
  },
  {
    "id": "4159b6bc-628b-4e55-9b5c-eadef715554b",
    "data": [
      {
        "text": "рада тебя снова видеть",
        "userDefined": false
      }
    ],
    "isTemplate": false,
    "count": 0,
    "updated": 0
  },
  {
    "id": "ac50da2d-7889-437d-b4af-c9e5172890eb",
    "data": [
      {
        "text": "рад снова тебя видеть",
        "userDefined": false
      }
    ],
    "isTemplate": false,
    "count": 0,
    "updated": 0
  },
  {
    "id": "dcd8cbf4-d3d2-49f3-87f1-d31a734067f9",
    "data": [
      {
        "text": "как здорово снова тебя видеть",
        "userDefined": false
      }
    ],
    "isTemplate": false,
    "count": 0,
    "updated": 0
  },
  {
    "id": "5f3a6867-96dd-4ff6-ae87-dad519f990e4",
    "data": [
      {
        "text": "как я рад тебя видеть",
        "userDefined": false
      }
    ],
    "isTemplate": false,
    "count": 0,
    "updated": 0
  },
  {
    "id": "ed25548f-4f60-4728-bf8c-ea2b7427a487",
    "data": [
      {
        "text": "всегда радостно увидеть тебя здесь",
        "userDefined": false
      }
    ],
    "isTemplate": false,
    "count": 0,
    "updated": 0
  },
  {
    "id": "a07e2864-4d45-414b-bd51-8696d9822e14",
    "data": [
      {
        "text": "как же здорово тебя снова увидеть",
        "userDefined": false
      }
    ],
    "isTemplate": false,
    "count": 0,
    "updated": 0
  },
  {
    "id": "85da4efb-8063-4cc7-bfba-04fe6bf6765c",
    "data": [
      {
        "text": "всегда рад тебе",
        "userDefined": false
      }
    ],
    "isTemplate": false,
    "count": 0,
    "updated": 0
  },
  {
    "id": "b4e2ecb9-dc7f-4e51-9439-4e77fefce7f1",
    "data": [
      {
        "text": "это чудо видеть тебя здесь снова",
        "userDefined": false
      }
    ],
    "isTemplate": false,
    "count": 0,
    "updated": 0
  },
  {
    "id": "6c1c103b-62aa-41d5-b34a-0a4bc8491348",
    "data": [
      {
        "text": "рада тебе",
        "userDefined": false
      }
    ],
    "isTemplate": false,
    "count": 0,
    "updated": 0
  },
  {
    "id": "d35e5572-d83c-447b-b27d-15bca153e88d",
    "data": [
      {
        "text": "чудесно увидеть тебя",
        "userDefined": false
      }
    ],
    "isTemplate": false,
    "count": 0,
    "updated": 0
  },
  {
    "id": "9af8051c-e65d-45bc-8335-edf437da3bc4",
    "data": [
      {
        "text": "приятно видеть тебя",
        "userDefined": false
      }
    ],
    "isTemplate": false,
    "count": 0,
    "updated": 0
  },
  {
    "id": "ea671883-f4eb-487f-8147-bc967a43a555",
    "data": [
      {
        "text": "приятно снова видеть тебя здесь",
        "userDefined": false
      }
    ],
    "isTemplate": false,
    "count": 0,
    "updated": 0
  },
  {
    "id": "c8774c36-76a2-44a4-947d-fd02274b063a",
    "data": [
      {
        "text": "хорошо что ты снова тут",
        "userDefined": false
      }
    ],
    "isTemplate": false,
    "count": 0,
    "updated": 0
  },
  {
    "id": "6c0e52bc-217f-4057-adb0-5c4a4b3afcc4",
    "data": [
      {
        "text": "я тоже рада тебя видеть",
        "userDefined": false
      }
    ],
    "isTemplate": false,
    "count": 0,
    "updated": 0
  }
]