[
  {
    "id": "8a1b49d3-65c6-477d-83f2-9d0c75cb7ff0",
    "data": [
      {
        "text": "Неееее",
        "userDefined": false
      }
    ],
    "isTemplate": false,
    "count": 0,
    "updated": 0
  },
  {
    "id": "ed2eea87-fbfa-495d-993d-2ad4cd0b5445",
    "data": [
      {
        "text": "не норм",
        "userDefined": false
      }
    ],
    "isTemplate": false,
    "count": 0,
    "updated": 1550315200
  },
  {
    "id": "214f0b51-a3f7-4b03-b3a5-bf2d9d21bc1d",
    "data": [
      {
        "text": "это неправильно",
        "userDefined": false
      }
    ],
    "isTemplate": false,
    "count": 0,
    "updated": 0
  },
  {
    "id": "188d5052-d0f4-4b96-894d-eae4a9dedba6",
    "data": [
      {
        "text": "ты не прав",
        "userDefined": false
      }
    ],
    "isTemplate": false,
    "count": 0,
    "updated": 0
  },
  {
    "id": "97016591-f4af-4da2-a8ea-06c1440ec603",
    "data": [
      {
        "text": "некорректно",
        "userDefined": false
      }
    ],
    "isTemplate": false,
    "count": 0,
    "updated": 0
  },
  {
    "id": "f495b409-fa96-4a46-8bc1-e902ddfbc31f",
    "data": [
      {
        "text": "неправильно",
        "userDefined": false
      }
    ],
    "isTemplate": false,
    "count": 0,
    "updated": 0
  },
  {
    "id": "1acbd555-0001-4f2c-8707-b32dadfd0b44",
    "data": [
      {
        "text": "не соответствует действительности",
        "userDefined": false
      }
    ],
    "isTemplate": false,
    "count": 0,
    "updated": 0
  },
  {
    "id": "046287a8-7475-4e91-bc8c-6c70d578da47",
    "data": [
      {
        "text": "это не так",
        "userDefined": false
      }
    ],
    "isTemplate": false,
    "count": 0,
    "updated": 0
  },
  {
    "id": "60b9d711-cff5-40ed-ac74-aa0155ad45e3",
    "data": [
      {
        "text": "это было неправильным",
        "userDefined": false
      }
    ],
    "isTemplate": false,
    "count": 0,
    "updated": 0
  },
  {
    "id": "02a30fee-84e8-40aa-8b3c-87c73623fe5b",
    "data": [
      {
        "text": "это неверно",
        "userDefined": false
      }
    ],
    "isTemplate": false,
    "count": 0,
    "updated": 0
  },
  {
    "id": "dec0b7c6-9567-4fe1-abcc-52a2b8d5bd1f",
    "data": [
      {
        "text": "неправильный ответ",
        "userDefined": false
      }
    ],
    "isTemplate": false,
    "count": 0,
    "updated": 0
  },
  {
    "id": "fe122afa-7001-44e6-bfbc-cd7a5aaa4d52",
    "data": [
      {
        "text": "неверно",
        "userDefined": false
      }
    ],
    "isTemplate": false,
    "count": 0,
    "updated": 0
  },
  {
    "id": "a295557e-235f-4da6-a704-23d1d258f592",
    "data": [
      {
        "text": "это не совсем так",
        "userDefined": false
      }
    ],
    "isTemplate": false,
    "count": 0,
    "updated": 0
  },
  {
    "id": "bfef8797-dde0-4283-84c9-1c5383fac6d5",
    "data": [
      {
        "text": "это не то о чём я спросил",
        "userDefined": false
      }
    ],
    "isTemplate": false,
    "count": 0,
    "updated": 0
  },
  {
    "id": "9a4a58b9-f881-4dc0-9f5e-cc7020c0d369",
    "data": [
      {
        "text": "это не то что я прошу",
        "userDefined": false
      }
    ],
    "isTemplate": false,
    "count": 0,
    "updated": 0
  }
]