[
  {
    "id": "91d4f08a-a76a-408f-ab2d-9794c28d1143",
    "data": [
      {
        "text": "сделай это ещё раз",
        "userDefined": false
      }
    ],
    "isTemplate": false,
    "count": 0,
    "updated": 1497433470
  },
  {
    "id": "0f0a4c7f-caa1-4db0-a2f7-6c781fbcf613",
    "data": [
      {
        "text": "повтори",
        "userDefined": false
      }
    ],
    "isTemplate": false,
    "count": 0,
    "updated": 1497433470
  },
  {
    "id": "4fd865a1-e88d-4016-9172-f8a021d1bfff",
    "data": [
      {
        "text": "ещё",
        "userDefined": false
      }
    ],
    "isTemplate": false,
    "count": 0,
    "updated": 1550300240
  },
  {
    "id": "d62bf5a5-8a35-4304-8ba2-99fe4453a818",
    "data": [
      {
        "text": "скажи то же самое опять",
        "userDefined": false
      }
    ],
    "isTemplate": false,
    "count": 0,
    "updated": 1550300240
  },
  {
    "id": "94c25cfe-3189-4a5b-a33f-0a7932f48fe8",
    "data": [
      {
        "text": "повтори что ты сказал",
        "userDefined": false
      }
    ],
    "isTemplate": false,
    "count": 0,
    "updated": 1550300240
  },
  {
    "id": "43a7b2fa-1026-42c7-baa4-2c46e2bd551a",
    "data": [
      {
        "text": "скажи это снова",
        "userDefined": false
      }
    ],
    "isTemplate": false,
    "count": 0,
    "updated": 1497433470
  },
  {
    "id": "03dd70b0-5db9-412c-a596-e74cea13db86",
    "data": [
      {
        "text": "ещё раз",
        "userDefined": false
      }
    ],
    "isTemplate": false,
    "count": 0,
    "updated": 1497433470
  },
  {
    "id": "dfc0d250-c649-40ef-8ee8-e5edd02ad039",
    "data": [
      {
        "text": "можешь повторить",
        "userDefined": false
      }
    ],
    "isTemplate": false,
    "count": 0,
    "updated": 1497433470
  },
  {
    "id": "cf041a18-a7b7-473d-bc9b-a9bd6bae24ad",
    "data": [
      {
        "text": "повтори это",
        "userDefined": false
      }
    ],
    "isTemplate": false,
    "count": 1,
    "updated": 1497433470
  }
]