[
  {
    "id": "c23deae6-de58-49af-94eb-b9d4ded24245",
    "data": [
      {
        "text": "любой совет",
        "userDefined": false
      }
    ],
    "isTemplate": false,
    "count": 0,
    "updated": 1550738346
  },
  {
    "id": "3695f87e-6aff-4dba-beda-fc066f2563bb",
    "data": [
      {
        "text": "что мне следует делать",
        "userDefined": false
      }
    ],
    "isTemplate": false,
    "count": 1,
    "updated": 1550738346
  },
  {
    "id": "04102813-7140-4129-944e-d8c87ee3428b",
    "data": [
      {
        "text": "что рекомендуешь",
        "userDefined": false
      }
    ],
    "isTemplate": false,
    "count": 0,
    "updated": 1550738346
  },
  {
    "id": "689d836a-5fdb-4fac-8196-0510a2169884",
    "data": [
      {
        "text": "как поступить",
        "userDefined": false
      }
    ],
    "isTemplate": false,
    "count": 0,
    "updated": 1550738346
  },
  {
    "id": "b665f4ba-ff32-4f89-ad58-af6b8e0dfcff",
    "data": [
      {
        "text": "как мне быть",
        "userDefined": false
      }
    ],
    "isTemplate": false,
    "count": 0,
    "updated": 1550738346
  },
  {
    "id": "018c2ca0-49f7-4210-87a3-78afbebf075f",
    "data": [
      {
        "text": "дай мне совет",
        "userDefined": false
      }
    ],
    "isTemplate": false,
    "count": 0,
    "updated": 1550738346
  },
  {
    "id": "dba7a5f3-51c5-4b36-97d9-0a95014ec7f5",
    "data": [
      {
        "text": "что можешь порекомендовать",
        "userDefined": false
      }
    ],
    "isTemplate": false,
    "count": 0,
    "updated": 1550738346
  },
  {
    "id": "75f3e8cc-6198-421a-8abc-a892562d3267",
    "data": [
      {
        "text": "хоть что-то мне посоветуй",
        "userDefined": false
      }
    ],
    "isTemplate": false,
    "count": 0,
    "updated": 1550738346
  },
  {
    "id": "437dc58e-d6de-4734-9b70-57ee0198ece7",
    "data": [
      {
        "text": "каким будет твой совет",
        "userDefined": false
      }
    ],
    "isTemplate": false,
    "count": 0,
    "updated": 1550738346
  },
  {
    "id": "f415571f-59d8-4a4c-a908-9c2851ddb857",
    "data": [
      {
        "text": "дай мне мудрый совет",
        "userDefined": false
      }
    ],
    "isTemplate": false,
    "count": 0,
    "updated": 1550738346
  },
  {
    "id": "b078c2dc-61d0-4068-9687-32f9f444eac3",
    "data": [
      {
        "text": "мне нужен совет",
        "userDefined": false
      }
    ],
    "isTemplate": false,
    "count": 0,
    "updated": 0
  },
  {
    "id": "6f20586b-3016-48e6-9625-6b38550b6642",
    "data": [
      {
        "text": "у тебя есть для меня совет",
        "userDefined": false
      }
    ],
    "isTemplate": false,
    "count": 0,
    "updated": 0
  },
  {
    "id": "592c2ea9-dd1e-4d03-ae39-8808fe71b119",
    "data": [
      {
        "text": "ищу твоей поддержки",
        "userDefined": false
      }
    ],
    "isTemplate": false,
    "count": 0,
    "updated": 0
  },
  {
    "id": "0cc61d95-ffb9-478f-bd94-f12acb58ec43",
    "data": [
      {
        "text": "можешь мне посоветовать",
        "userDefined": false
      }
    ],
    "isTemplate": false,
    "count": 0,
    "updated": 0
  },
  {
    "id": "4259652a-a69c-4e61-a0b8-0bac986da5a7",
    "data": [
      {
        "text": "что посоветуешь в такой ситуации",
        "userDefined": false
      }
    ],
    "isTemplate": false,
    "count": 0,
    "updated": 0
  },
  {
    "id": "4f830865-2cb4-4472-922d-6ddbb8407fda",
    "data": [
      {
        "text": "можешь дать мне совет",
        "userDefined": false
      }
    ],
    "isTemplate": false,
    "count": 0,
    "updated": 0
  },
  {
    "id": "f88d33cc-63a2-4591-a53c-fab871e96cbb",
    "data": [
      {
        "text": "что предлагаешь",
        "userDefined": false
      }
    ],
    "isTemplate": false,
    "count": 0,
    "updated": 0
  },
  {
    "id": "417b55fa-71b3-4c26-a97a-b489ebe64c99",
    "data": [
      {
        "text": "мне бы не помешал совет",
        "userDefined": false
      }
    ],
    "isTemplate": false,
    "count": 0,
    "updated": 0
  },
  {
    "id": "5105d199-6d17-4b23-8bf3-7f9d3a3796c4",
    "data": [
      {
        "text": "посоветуй мне",
        "userDefined": false
      }
    ],
    "isTemplate": false,
    "count": 0,
    "updated": 0
  },
  {
    "id": "e54dd8af-d506-4a2a-9c9a-1713d2f739ff",
    "data": [
      {
        "text": "помоги советом",
        "userDefined": false
      }
    ],
    "isTemplate": false,
    "count": 0,
    "updated": 0
  },
  {
    "id": "1768232d-6d04-4ef9-a7c9-26819b4e47b2",
    "data": [
      {
        "text": "нужен твой совет",
        "userDefined": false
      }
    ],
    "isTemplate": false,
    "count": 0,
    "updated": 0
  },
  {
    "id": "5dddc4e4-2265-4066-af56-263fe7b8eb72",
    "data": [
      {
        "text": "что посоветуешь",
        "userDefined": false
      }
    ],
    "isTemplate": false,
    "count": 0,
    "updated": 0
  },
  {
    "id": "d93e18a6-ed12-4ec2-ac5d-6fd1658adba9",
    "data": [
      {
        "text": "могу спросить у тебя совета",
        "userDefined": false
      }
    ],
    "isTemplate": false,
    "count": 0,
    "updated": 0
  },
  {
    "id": "c3a77529-3213-40a3-8b6d-bc0881e83e07",
    "data": [
      {
        "text": "твой совет",
        "userDefined": false
      }
    ],
    "isTemplate": false,
    "count": 0,
    "updated": 0
  }
]