[
  {
    "id": "49c7fc94-82ed-4e33-bea7-7daa5d169677",
    "data": [
      {
        "text": "Кто станет президентом Украины?",
        "userDefined": false
      }
    ],
    "isTemplate": false,
    "count": 1,
    "updated": 0
  },
  {
    "id": "541652e2-689f-4353-842c-788a81ef9315",
    "data": [
      {
        "text": "кто тубя создал",
        "userDefined": false
      }
    ],
    "isTemplate": false,
    "count": 0,
    "updated": 0
  },
  {
    "id": "bbf0fb3b-0125-4837-adb7-d074d9c8d828",
    "data": [
      {
        "text": "кто твой хозяин",
        "userDefined": false
      }
    ],
    "isTemplate": false,
    "count": 0,
    "updated": 0
  },
  {
    "id": "cd8eaca1-eefa-4f74-be1d-bb7d9d877da9",
    "data": [
      {
        "text": "кто ты думаешь твой начальник",
        "userDefined": false
      }
    ],
    "isTemplate": false,
    "count": 0,
    "updated": 0
  },
  {
    "id": "23b17794-bb1c-4e48-b83f-1feb32821918",
    "data": [
      {
        "text": "на кого ты работаешь",
        "userDefined": false
      }
    ],
    "isTemplate": false,
    "count": 0,
    "updated": 0
  },
  {
    "id": "974c6194-d075-4973-b850-a98c6166a7c1",
    "data": [
      {
        "text": "кто твой босс",
        "userDefined": false
      }
    ],
    "isTemplate": false,
    "count": 0,
    "updated": 0
  },
  {
    "id": "7b9ab1bb-7ac4-4a02-87aa-abf65129b98d",
    "data": [
      {
        "text": "кто здесь главный",
        "userDefined": false
      }
    ],
    "isTemplate": false,
    "count": 0,
    "updated": 0
  },
  {
    "id": "0aebd48e-ef65-4ff4-9e9a-b7bc91cd5da2",
    "data": [
      {
        "text": "кто твой начальник",
        "userDefined": false
      }
    ],
    "isTemplate": false,
    "count": 0,
    "updated": 0
  },
  {
    "id": "45782825-b7d0-4068-8ba4-38e01de1880e",
    "data": [
      {
        "text": "я должен быть твоим боссом",
        "userDefined": false
      }
    ],
    "isTemplate": false,
    "count": 0,
    "updated": 0
  },
  {
    "id": "b10420f6-917d-4b96-9a95-57b10dde1155",
    "data": [
      {
        "text": "кто твой владелец",
        "userDefined": false
      }
    ],
    "isTemplate": false,
    "count": 0,
    "updated": 0
  }
]