[
  {
    "id": "aa5722da-bbff-4670-833f-e6ce66d8e596",
    "data": [
      {
        "text": "фильм",
        "userDefined": false
      }
    ],
    "isTemplate": false,
    "count": 1,
    "updated": 1550334508
  },
  {
    "id": "d5a65b87-3a52-4ff4-8149-dd99163fdc98",
    "data": [
      {
        "text": "кино на вечер",
        "userDefined": false
      }
    ],
    "isTemplate": false,
    "count": 2,
    "updated": 0
  },
  {
    "id": "59527559-227f-4982-9c87-0fea00663921",
    "data": [
      {
        "text": "какое кино посмотреть",
        "userDefined": false
      }
    ],
    "isTemplate": false,
    "count": 2,
    "updated": 0
  },
  {
    "id": "9632bf7b-62ea-44c3-b2f5-b21c20a27499",
    "data": [
      {
        "text": "кино",
        "userDefined": false
      }
    ],
    "isTemplate": false,
    "count": 0,
    "updated": 1550334508
  },
  {
    "id": "dff180fe-3e56-40ec-8654-5b7d39899daf",
    "data": [
      {
        "text": "посоветуй фильм",
        "userDefined": false
      }
    ],
    "isTemplate": false,
    "count": 0,
    "updated": 1550334508
  }
]