[
  {
    "id": "20df13b6-8f53-4fc4-aea6-4349120cfa52",
    "data": [
      {
        "text": "Приятно поговорить с умным собеседником",
        "userDefined": false
      }
    ],
    "isTemplate": false,
    "count": 0,
    "updated": 0
  },
  {
    "id": "1755002b-7d6f-46c1-91fe-c2a2af4a83de",
    "data": [
      {
        "text": "приятно было пообщаться",
        "userDefined": false
      }
    ],
    "isTemplate": false,
    "count": 0,
    "updated": 0
  },
  {
    "id": "67bad463-0297-4577-be6d-532f5eee2599",
    "data": [
      {
        "text": "было приятно поболтать с тобой",
        "userDefined": false
      }
    ],
    "isTemplate": false,
    "count": 0,
    "updated": 0
  },
  {
    "id": "acdf489c-64c8-4492-b22c-01520c6a9af1",
    "data": [
      {
        "text": "было приятно пообщаться",
        "userDefined": false
      }
    ],
    "isTemplate": false,
    "count": 0,
    "updated": 0
  },
  {
    "id": "eed72750-15b7-4a60-98f9-0a17a1d620df",
    "data": [
      {
        "text": "приятно поговорить с тобой",
        "userDefined": false
      }
    ],
    "isTemplate": false,
    "count": 1,
    "updated": 0
  },
  {
    "id": "4dc3659b-3ca1-44ba-9b79-38762344e59e",
    "data": [
      {
        "text": "приятно с тобой пообщаться",
        "userDefined": false
      }
    ],
    "isTemplate": false,
    "count": 0,
    "updated": 0
  },
  {
    "id": "3d747358-89fc-4438-b588-ad64bdb0ff4c",
    "data": [
      {
        "text": "с тобой так приятно общаться",
        "userDefined": false
      }
    ],
    "isTemplate": false,
    "count": 0,
    "updated": 0
  },
  {
    "id": "93f4233a-3cef-4bfd-9ec9-50bdfda89bce",
    "data": [
      {
        "text": "разговаривать с тобой ",
        "userDefined": false
      },
      {
        "text": "одно",
        "meta": "@sys.ignore",
        "userDefined": false
      },
      {
        "text": " удовольствие",
        "userDefined": false
      }
    ],
    "isTemplate": false,
    "count": 0,
    "updated": 0
  },
  {
    "id": "469318d1-270c-47e0-b03d-47c9cf868520",
    "data": [
      {
        "text": "как приятно с тобой разговаривать",
        "userDefined": false
      }
    ],
    "isTemplate": false,
    "count": 0,
    "updated": 0
  },
  {
    "id": "2b12188b-02a1-46fd-8a42-c51b7b8751ab",
    "data": [
      {
        "text": "ты отличный собеседник",
        "userDefined": false
      }
    ],
    "isTemplate": false,
    "count": 0,
    "updated": 0
  }
]