[
  {
    "id": "8267ede1-b742-4404-b987-046b2dce9bff",
    "data": [
      {
        "text": "Так ответь на вопрос",
        "userDefined": false
      }
    ],
    "isTemplate": false,
    "count": 0,
    "updated": 0
  },
  {
    "id": "222d4ff7-4674-41bc-955f-9cdd7e999c91",
    "data": [
      {
        "text": "Зачем?",
        "userDefined": false
      }
    ],
    "isTemplate": false,
    "count": 1,
    "updated": 0
  },
  {
    "id": "51a8e118-873d-48d7-b2ea-1878453f7e99",
    "data": [
      {
        "text": "ответь на мой вопрос",
        "userDefined": false
      }
    ],
    "isTemplate": false,
    "count": 0,
    "updated": 1529616409
  },
  {
    "id": "f4a2e79d-add4-47cd-9f53-cb15ca0f2800",
    "data": [
      {
        "text": "ответь мне",
        "userDefined": false
      }
    ],
    "isTemplate": false,
    "count": 0,
    "updated": 1529616409
  },
  {
    "id": "d9e0569e-cd33-4de1-b6ad-8574d757f4f8",
    "data": [
      {
        "text": "просто дай мне ответ",
        "userDefined": false
      }
    ],
    "isTemplate": false,
    "count": 0,
    "updated": 1529616409
  },
  {
    "id": "e7630dc4-92ec-4d62-b5af-dc50fff49834",
    "data": [
      {
        "text": "мне нужен ответ",
        "userDefined": false
      }
    ],
    "isTemplate": false,
    "count": 0,
    "updated": 1529616409
  },
  {
    "id": "dfd52c54-7d7c-4e88-9116-e916b3fd417f",
    "data": [
      {
        "text": "дай мне ответ",
        "userDefined": false
      }
    ],
    "isTemplate": false,
    "count": 0,
    "updated": 1529616409
  },
  {
    "id": "9fb1b982-9e38-4869-b11b-e4a69df1015a",
    "data": [
      {
        "text": "ответь на это",
        "userDefined": false
      }
    ],
    "isTemplate": false,
    "count": 0,
    "updated": 1529616409
  },
  {
    "id": "0e6f37a8-5363-4c1e-9f68-53ac4a213c72",
    "data": [
      {
        "text": "хочу чтобы ты ответил на вопрос",
        "userDefined": false
      }
    ],
    "isTemplate": false,
    "count": 0,
    "updated": 1529616409
  },
  {
    "id": "7836e49f-d9e2-4fd4-81cd-f0beb44db2fd",
    "data": [
      {
        "text": "ответы",
        "userDefined": false
      }
    ],
    "isTemplate": false,
    "count": 0,
    "updated": 1529616409
  },
  {
    "id": "6049b6f3-a55d-44fa-a54c-e5d91d55eb3a",
    "data": [
      {
        "text": "хочу чтобы ты мне ответил",
        "userDefined": false
      }
    ],
    "isTemplate": false,
    "count": 0,
    "updated": 1529616409
  },
  {
    "id": "9a4455ea-413f-41f4-a77a-51a825bf76e0",
    "data": [
      {
        "text": "скажи мне ответ",
        "userDefined": false
      }
    ],
    "isTemplate": false,
    "count": 0,
    "updated": 1529616409
  },
  {
    "id": "d563252a-36ce-44fc-a0b5-103d5b06b76c",
    "data": [
      {
        "text": "можешь ответить",
        "userDefined": false
      }
    ],
    "isTemplate": false,
    "count": 0,
    "updated": 1529616409
  },
  {
    "id": "2f5942a2-db02-4984-8c04-98bbb1496cfd",
    "data": [
      {
        "text": "у меня есть вопрос",
        "userDefined": false
      }
    ],
    "isTemplate": false,
    "count": 0,
    "updated": 1529616409
  },
  {
    "id": "91c8dc39-4eed-49a0-813f-2b682e177d61",
    "data": [
      {
        "text": "ответ на вопрос",
        "userDefined": false
      }
    ],
    "isTemplate": false,
    "count": 0,
    "updated": 1529616409
  },
  {
    "id": "584ee0d8-b164-40d8-8e9d-ebc20639f8ee",
    "data": [
      {
        "text": "просто ответь на вопрос",
        "userDefined": false
      }
    ],
    "isTemplate": false,
    "count": 0,
    "updated": 1529616409
  },
  {
    "id": "f93e1b5d-1f47-426e-90d6-dd66e65f4f10",
    "data": [
      {
        "text": "можешь ответить мне",
        "userDefined": false
      }
    ],
    "isTemplate": false,
    "count": 0,
    "updated": 1529616409
  },
  {
    "id": "7efc7e64-51a0-463f-ab71-8aa8d1ff8129",
    "data": [
      {
        "text": "можешь ответить на вопрос",
        "userDefined": false
      }
    ],
    "isTemplate": false,
    "count": 0,
    "updated": 1529616409
  },
  {
    "id": "0ee99885-9df0-43d3-87f7-24193cb27e0d",
    "data": [
      {
        "text": "ответь",
        "userDefined": false
      }
    ],
    "isTemplate": false,
    "count": 0,
    "updated": 1529616409
  },
  {
    "id": "5ee47db7-ada1-4580-bf8d-5548ffb92000",
    "data": [
      {
        "text": "можешь ответить на мой вопрос",
        "userDefined": false
      }
    ],
    "isTemplate": false,
    "count": 0,
    "updated": 1529616409
  },
  {
    "id": "303d5ad4-c4d9-4065-a27b-413f38bc2dcd",
    "data": [
      {
        "text": "нужен ответ сейчас",
        "userDefined": false
      }
    ],
    "isTemplate": false,
    "count": 0,
    "updated": 1529616409
  },
  {
    "id": "850726a5-79d9-4d7b-8feb-ad2aaedf1f73",
    "data": [
      {
        "text": "отвечай на вопрос",
        "userDefined": false
      }
    ],
    "isTemplate": false,
    "count": 0,
    "updated": 1529616409
  }
]