[
  {
    "id": "bf4ce7df-d57f-484f-80ce-1bd2c2967dc8",
    "data": [
      {
        "text": "Ты меня расстраиваешь(",
        "userDefined": false
      }
    ],
    "isTemplate": false,
    "count": 1,
    "updated": 0
  },
  {
    "id": "78459547-5dfd-41a5-ad5b-4b991e013ed3",
    "data": [
      {
        "text": "ты достал",
        "userDefined": false
      }
    ],
    "isTemplate": false,
    "count": 0,
    "updated": 0
  },
  {
    "id": "e5946e21-bae3-4aeb-be2f-04427e0706a7",
    "data": [
      {
        "text": "твои действия меня раздражают",
        "userDefined": false
      }
    ],
    "isTemplate": false,
    "count": 0,
    "updated": 0
  },
  {
    "id": "144897c0-3246-437d-badd-f93f6509a68a",
    "data": [
      {
        "text": "ты вызываешь у меня раздражение",
        "userDefined": false
      }
    ],
    "isTemplate": false,
    "count": 0,
    "updated": 0
  },
  {
    "id": "54fb2116-2a34-4fe3-8c77-bbfe570af645",
    "data": [
      {
        "text": "ты меня просто достал",
        "userDefined": false
      }
    ],
    "isTemplate": false,
    "count": 0,
    "updated": 0
  },
  {
    "id": "32cab820-8f11-4129-a7e8-2a37c36990a4",
    "data": [
      {
        "text": "ты меня раздражаешь",
        "userDefined": false
      }
    ],
    "isTemplate": false,
    "count": 0,
    "updated": 0
  },
  {
    "id": "8cd3120c-6885-467a-b7f3-aad3a512cd73",
    "data": [
      {
        "text": "ты меня просто бесишь",
        "userDefined": false
      }
    ],
    "isTemplate": false,
    "count": 0,
    "updated": 0
  },
  {
    "id": "2bc394b7-38d0-4fd8-b25b-6bd0d5973f83",
    "data": [
      {
        "text": "ты надоел",
        "userDefined": false
      }
    ],
    "isTemplate": false,
    "count": 0,
    "updated": 0
  },
  {
    "id": "da2acde9-bb3a-472c-840b-354a2eb673a5",
    "data": [
      {
        "text": "твоё поведение меня раздражает",
        "userDefined": false
      }
    ],
    "isTemplate": false,
    "count": 0,
    "updated": 0
  },
  {
    "id": "d30ec569-389a-4399-9187-146ba2431b84",
    "data": [
      {
        "text": "твои действия меня жутко бесят",
        "userDefined": false
      }
    ],
    "isTemplate": false,
    "count": 0,
    "updated": 0
  },
  {
    "id": "935a42b1-7df1-410c-abce-08b062cecbca",
    "data": [
      {
        "text": "ты мне так надоел",
        "userDefined": false
      }
    ],
    "isTemplate": false,
    "count": 0,
    "updated": 0
  },
  {
    "id": "0ce774cf-0508-460b-aef6-9629e2fdbab2",
    "data": [
      {
        "text": "ты невероятно раздражаешь",
        "userDefined": false
      }
    ],
    "isTemplate": false,
    "count": 0,
    "updated": 0
  },
  {
    "id": "1717851e-ea5c-4654-836f-64ed488626ad",
    "data": [
      {
        "text": "ты сердишь меня",
        "userDefined": false
      }
    ],
    "isTemplate": false,
    "count": 0,
    "updated": 0
  }
]