[
  {
    "id": "f7f4cb54-dcdb-46e7-94dd-862ce437f678",
    "data": [
      {
        "text": "это правда",
        "userDefined": false
      }
    ],
    "isTemplate": false,
    "count": 1,
    "updated": 0
  },
  {
    "id": "db327311-72a5-4608-b383-dcf66b8970f5",
    "data": [
      {
        "text": "верно",
        "userDefined": false
      }
    ],
    "isTemplate": false,
    "count": 0,
    "updated": 0
  },
  {
    "id": "a8cd116e-f4c4-46a9-89b9-96500a0f06fd",
    "data": [
      {
        "text": "да это правда",
        "userDefined": false
      }
    ],
    "isTemplate": false,
    "count": 0,
    "updated": 0
  },
  {
    "id": "6d85f466-95a0-40b9-be34-5eaaae6a2b3f",
    "data": [
      {
        "text": "это точно",
        "userDefined": false
      }
    ],
    "isTemplate": false,
    "count": 0,
    "updated": 0
  },
  {
    "id": "da57a4f9-af9a-41fc-be44-a3d5cab23bc1",
    "data": [
      {
        "text": "ты так права",
        "userDefined": false
      }
    ],
    "isTemplate": false,
    "count": 0,
    "updated": 0
  },
  {
    "id": "62a04a0b-21dc-4301-9884-b275f0d20452",
    "data": [
      {
        "text": "похоже на правду",
        "userDefined": false
      }
    ],
    "isTemplate": false,
    "count": 0,
    "updated": 0
  },
  {
    "id": "fb56d74c-e02c-4055-bf2b-b338bb6049dc",
    "data": [
      {
        "text": "ты права насчёт этого",
        "userDefined": false
      }
    ],
    "isTemplate": false,
    "count": 0,
    "updated": 0
  },
  {
    "id": "63348054-fc6c-4626-8f9b-92f4cfdbb6aa",
    "data": [
      {
        "text": "ты говоришь правду",
        "userDefined": false
      }
    ],
    "isTemplate": false,
    "count": 0,
    "updated": 0
  },
  {
    "id": "c8f6dda8-dab0-4736-93e3-2058fb63886b",
    "data": [
      {
        "text": "правда",
        "userDefined": false
      }
    ],
    "isTemplate": false,
    "count": 1,
    "updated": 0
  },
  {
    "id": "9eddae9f-86c7-4d36-b03e-ceda1f3a7ec8",
    "data": [
      {
        "text": "ты права",
        "userDefined": false
      }
    ],
    "isTemplate": false,
    "count": 0,
    "updated": 0
  },
  {
    "id": "b02b9a13-6e7c-4ff5-a473-bcfe5ac29b4f",
    "data": [
      {
        "text": "вот это точно",
        "userDefined": false
      }
    ],
    "isTemplate": false,
    "count": 0,
    "updated": 0
  },
  {
    "id": "afbe402e-5ab6-4f0b-9613-382e8f0b760b",
    "data": [
      {
        "text": "ты прав",
        "userDefined": false
      }
    ],
    "isTemplate": false,
    "count": 0,
    "updated": 0
  },
  {
    "id": "707c7cee-2aea-4537-adc7-da73c0d3e849",
    "data": [
      {
        "text": "правильно",
        "userDefined": false
      }
    ],
    "isTemplate": false,
    "count": 0,
    "updated": 0
  },
  {
    "id": "49d9d77f-c86b-4d78-91d4-85a8a9649d9e",
    "data": [
      {
        "text": "то что ты говоришь похоже на правду",
        "userDefined": false
      }
    ],
    "isTemplate": false,
    "count": 0,
    "updated": 0
  },
  {
    "id": "d9405757-225e-4664-a077-4680f49bf424",
    "data": [
      {
        "text": "точно",
        "userDefined": false
      }
    ],
    "isTemplate": false,
    "count": 0,
    "updated": 0
  },
  {
    "id": "f0af3c19-3285-41a1-9eb0-04fd1efdbb4f",
    "data": [
      {
        "text": "без ошибок",
        "userDefined": false
      }
    ],
    "isTemplate": false,
    "count": 0,
    "updated": 0
  },
  {
    "id": "e5bb238c-c25f-4458-b282-f91ff2e275e6",
    "data": [
      {
        "text": "без ошибочно",
        "userDefined": false
      }
    ],
    "isTemplate": false,
    "count": 0,
    "updated": 0
  },
  {
    "id": "0a29a988-5b81-4f34-8cf1-4076d3d0e727",
    "data": [
      {
        "text": "это было безошибочно",
        "userDefined": false
      }
    ],
    "isTemplate": false,
    "count": 0,
    "updated": 0
  },
  {
    "id": "a083b237-6f4c-4abd-b3a2-768349695a6c",
    "data": [
      {
        "text": "ты абсолютно прав",
        "userDefined": false
      }
    ],
    "isTemplate": false,
    "count": 0,
    "updated": 0
  },
  {
    "id": "75e68230-2df4-4f16-9002-a7c939b16a76",
    "data": [
      {
        "text": "я знаю это правда",
        "userDefined": false
      }
    ],
    "isTemplate": false,
    "count": 0,
    "updated": 0
  },
  {
    "id": "7c2dd185-4883-459c-8179-a68a6772c90a",
    "data": [
      {
        "text": "звучит правдиво",
        "userDefined": false
      }
    ],
    "isTemplate": false,
    "count": 0,
    "updated": 0
  },
  {
    "id": "c98f8e03-7ec5-494c-8882-aa7df1f8f997",
    "data": [
      {
        "text": "ты определённо прав",
        "userDefined": false
      }
    ],
    "isTemplate": false,
    "count": 0,
    "updated": 0
  },
  {
    "id": "3a681b10-fb16-4a24-b5c6-68be116fb9a2",
    "data": [
      {
        "text": "это всё верно",
        "userDefined": false
      }
    ],
    "isTemplate": false,
    "count": 0,
    "updated": 0
  },
  {
    "id": "b64274f2-abf4-4242-bf52-c10e1fe13855",
    "data": [
      {
        "text": "истинно говоришь",
        "userDefined": false
      }
    ],
    "isTemplate": false,
    "count": 0,
    "updated": 0
  }
]