[
  {
    "id": "9b4d664a-3ce6-42b7-8e4f-3f18f6b78894",
    "data": [
      {
        "text": "так",
        "userDefined": false
      }
    ],
    "isTemplate": false,
    "count": 1,
    "updated": 0
  },
  {
    "id": "e7a4a8de-e865-4d6b-b971-9fc3d5205ff3",
    "data": [
      {
        "text": "Так",
        "userDefined": false
      }
    ],
    "isTemplate": false,
    "count": 0,
    "updated": 0
  },
  {
    "id": "5b43b345-4e17-4505-b849-2cf6100a4613",
    "data": [
      {
        "text": "да",
        "userDefined": false
      }
    ],
    "isTemplate": false,
    "count": 0,
    "updated": 1550322940
  },
  {
    "id": "9d63b807-c4d6-40b9-a87b-9a594657b0e6",
    "data": [
      {
        "text": "разумеется",
        "userDefined": false
      }
    ],
    "isTemplate": false,
    "count": 0,
    "updated": 1550322940
  },
  {
    "id": "9abd7635-2b36-48f8-9840-31a46dcc4727",
    "data": [
      {
        "text": "точно",
        "userDefined": false
      }
    ],
    "isTemplate": false,
    "count": 0,
    "updated": 1550322940
  },
  {
    "id": "58800733-d0c8-476d-9d88-eb3dc2706bbb",
    "data": [
      {
        "text": "не возражаю",
        "userDefined": false
      }
    ],
    "isTemplate": false,
    "count": 0,
    "updated": 1550322940
  },
  {
    "id": "cdeecbc3-eb23-469a-a777-7e39e2a3f75f",
    "data": [
      {
        "text": "сделай это",
        "userDefined": false
      }
    ],
    "isTemplate": false,
    "count": 0,
    "updated": 1550322940
  },
  {
    "id": "4cffff39-cfb5-4d07-a57f-d820d6fc0697",
    "data": [
      {
        "text": "меня устраивает",
        "userDefined": false
      }
    ],
    "isTemplate": false,
    "count": 0,
    "updated": 1550322940
  },
  {
    "id": "5e5fe851-8b71-4837-b5c6-d83ff91c9fbb",
    "data": [
      {
        "text": "я согласен",
        "userDefined": false
      }
    ],
    "isTemplate": false,
    "count": 0,
    "updated": 1550322940
  },
  {
    "id": "a36ab074-f89c-40bc-8c79-d5a8a7ad295e",
    "data": [
      {
        "text": "подтверждаю",
        "userDefined": false
      }
    ],
    "isTemplate": false,
    "count": 0,
    "updated": 1550322940
  },
  {
    "id": "8663661c-60f0-45bb-88e7-2800410b6072",
    "data": [
      {
        "text": "конечно",
        "userDefined": false
      }
    ],
    "isTemplate": false,
    "count": 0,
    "updated": 1550322940
  },
  {
    "id": "367cbb2e-278b-484f-b5ef-8ad472c7ac54",
    "data": [
      {
        "text": "это верно",
        "userDefined": false
      }
    ],
    "isTemplate": false,
    "count": 0,
    "updated": 1497433474
  }
]