[
  {
    "id": "4896c64e-cf48-4993-a33d-ea5fa3bc680d",
    "data": [
      {
        "text": "отмена",
        "userDefined": false
      }
    ],
    "isTemplate": false,
    "count": 1,
    "updated": 1529616573
  },
  {
    "id": "df8eab11-bdc3-4cad-937a-d94b1b4d68f2",
    "data": [
      {
        "text": "стоп",
        "userDefined": false
      }
    ],
    "isTemplate": false,
    "count": 0,
    "updated": 1529616573
  },
  {
    "id": "96e821c4-bbfa-49ad-93a0-c6a4391e6ba5",
    "data": [
      {
        "text": "хватит",
        "userDefined": false
      }
    ],
    "isTemplate": false,
    "count": 0,
    "updated": 1529616573
  },
  {
    "id": "4edebff1-8769-4d02-9805-97ba849e1b0e",
    "data": [
      {
        "text": "отмени",
        "userDefined": false
      }
    ],
    "isTemplate": false,
    "count": 0,
    "updated": 1529616573
  },
  {
    "id": "a7a8306f-15d7-40e6-a456-510e373836b5",
    "data": [
      {
        "text": "прекрати",
        "userDefined": false
      }
    ],
    "isTemplate": false,
    "count": 0,
    "updated": 1529616573
  },
  {
    "id": "602d1666-d973-4f82-b93d-89cc0c222edd",
    "data": [
      {
        "text": "перестань",
        "userDefined": false
      }
    ],
    "isTemplate": false,
    "count": 0,
    "updated": 1529616573
  },
  {
    "id": "a685adec-0f7b-4a83-bbf4-3c3da67ad3aa",
    "data": [
      {
        "text": "отменить действие",
        "userDefined": false
      }
    ],
    "isTemplate": false,
    "count": 0,
    "updated": 1529616573
  },
  {
    "id": "d69ea70c-e3ad-4020-9141-d2ca9be9e1df",
    "data": [
      {
        "text": "отменить",
        "userDefined": false
      }
    ],
    "isTemplate": false,
    "count": 0,
    "updated": 1529616573
  },
  {
    "id": "c0e41bc0-6104-46f3-ba7a-292fbb59c9f9",
    "data": [
      {
        "text": "забудь",
        "userDefined": false
      }
    ],
    "isTemplate": false,
    "count": 0,
    "updated": 1529616573
  },
  {
    "id": "40427440-1bcc-4656-bdec-1e11538fe38d",
    "data": [
      {
        "text": "забудь об этом",
        "userDefined": false
      }
    ],
    "isTemplate": false,
    "count": 0,
    "updated": 1529616573
  }
]