[
  {
    "id": "f133a6cd-c53b-40d7-88b7-1b55e238381d",
    "data": [
      {
        "text": "ого",
        "userDefined": false
      }
    ],
    "isTemplate": false,
    "count": 3,
    "updated": 0
  },
  {
    "id": "7ab9e3a2-3c21-4444-97cd-ca53918a183d",
    "data": [
      {
        "text": "вау",
        "userDefined": false
      }
    ],
    "isTemplate": false,
    "count": 1,
    "updated": 0
  },
  {
    "id": "8b049718-ce1f-4df5-a806-6db12b3837c3",
    "data": [
      {
        "text": "ух ты вау",
        "userDefined": false
      }
    ],
    "isTemplate": false,
    "count": 0,
    "updated": 0
  },
  {
    "id": "30acff15-3a51-41a8-9a37-77c82ecd2a32",
    "data": [
      {
        "text": "ух ты",
        "userDefined": false
      }
    ],
    "isTemplate": false,
    "count": 0,
    "updated": 0
  },
  {
    "id": "4966d67d-aff6-44a5-b972-06e18c9eeedc",
    "data": [
      {
        "text": "огого",
        "userDefined": false
      }
    ],
    "isTemplate": false,
    "count": 0,
    "updated": 0
  },
  {
    "id": "0651c18a-c494-4c22-9b88-f3cbb0a5e15b",
    "data": [
      {
        "text": "ух ты ух ты",
        "userDefined": false
      }
    ],
    "isTemplate": false,
    "count": 0,
    "updated": 0
  }
]