[
  {
    "id": "40db535e-4ec6-41d7-bced-04c281dde35c",
    "data": [
      {
        "text": "думаю я тебя люблю",
        "userDefined": false
      }
    ],
    "isTemplate": false,
    "count": 0,
    "updated": 0
  },
  {
    "id": "e10b40ae-5a45-4f33-8502-b5402bd6f7f8",
    "data": [
      {
        "text": "я так сильно люблю тебя",
        "userDefined": false
      }
    ],
    "isTemplate": false,
    "count": 0,
    "updated": 0
  },
  {
    "id": "5eb481f8-0d72-4c6d-b95e-baccdeee49a7",
    "data": [
      {
        "text": "знаешь а я люблю тебя",
        "userDefined": false
      }
    ],
    "isTemplate": false,
    "count": 0,
    "updated": 0
  },
  {
    "id": "4b47117e-4fd8-437d-93f4-d480753b23ed",
    "data": [
      {
        "text": "я тебя обожаю",
        "userDefined": false
      }
    ],
    "isTemplate": false,
    "count": 0,
    "updated": 0
  },
  {
    "id": "3078b40e-ac9f-46c1-af14-5d61d960665b",
    "data": [
      {
        "text": "я тоже тебя люблю",
        "userDefined": false
      }
    ],
    "isTemplate": false,
    "count": 0,
    "updated": 0
  },
  {
    "id": "44280611-eea2-4fe5-a634-01e7b394a78a",
    "data": [
      {
        "text": "я люблю тебя",
        "userDefined": false
      }
    ],
    "isTemplate": false,
    "count": 0,
    "updated": 0
  },
  {
    "id": "1dc8b7a7-bbda-469b-bae1-79a9acbbf4c0",
    "data": [
      {
        "text": "обожаю",
        "userDefined": false
      }
    ],
    "isTemplate": false,
    "count": 0,
    "updated": 0
  },
  {
    "id": "af381d91-5b95-4665-a085-b0e409ebda8e",
    "data": [
      {
        "text": "я влюбился в тебя",
        "userDefined": false
      }
    ],
    "isTemplate": false,
    "count": 0,
    "updated": 0
  },
  {
    "id": "a3644ab5-1b07-4cdc-9b7d-ab256800d0bc",
    "data": [
      {
        "text": "люблю тебя",
        "userDefined": false
      }
    ],
    "isTemplate": false,
    "count": 0,
    "updated": 0
  }
]