[
  {
    "id": "0d87da40-61c2-4934-8671-385408ef279f",
    "data": [
      {
        "text": "ты мне нравишься таким какой ты есть",
        "userDefined": false
      }
    ],
    "isTemplate": false,
    "count": 0,
    "updated": 0
  },
  {
    "id": "9d7ef527-a6aa-4e36-aa04-e2ed1e5e0627",
    "data": [
      {
        "text": "очень тебя ценю",
        "userDefined": false
      }
    ],
    "isTemplate": false,
    "count": 0,
    "updated": 0
  },
  {
    "id": "70975625-9d00-4750-bda8-bc0f840ff7b3",
    "data": [
      {
        "text": "ты мне нравишься с тобой приятно общаться",
        "userDefined": false
      }
    ],
    "isTemplate": false,
    "count": 0,
    "updated": 0
  },
  {
    "id": "dd5ff4e8-716f-4ece-8388-dcb1fe911f7d",
    "data": [
      {
        "text": "вот теперь ты мне нравишься",
        "userDefined": false
      }
    ],
    "isTemplate": false,
    "count": 0,
    "updated": 0
  },
  {
    "id": "8773f8b4-e23f-4d7a-8985-210ab28a8ea0",
    "data": [
      {
        "text": "спасибо и ты мне нравишься",
        "userDefined": false
      }
    ],
    "isTemplate": false,
    "count": 0,
    "updated": 0
  },
  {
    "id": "bf715095-4218-49a7-9285-cc7726fe6534",
    "data": [
      {
        "text": "очень ты мне нравишься",
        "userDefined": false
      }
    ],
    "isTemplate": false,
    "count": 0,
    "updated": 0
  },
  {
    "id": "d37d1130-4622-4995-8c87-485d2ce739d8",
    "data": [
      {
        "text": "ты для меня много значишь",
        "userDefined": false
      }
    ],
    "isTemplate": false,
    "count": 0,
    "updated": 0
  },
  {
    "id": "b61e0f5b-a48a-4cba-8573-3d21efacd0c2",
    "data": [
      {
        "text": "ты понравился мне",
        "userDefined": false
      }
    ],
    "isTemplate": false,
    "count": 0,
    "updated": 0
  },
  {
    "id": "0ab56341-d493-488b-9b38-e690e6ab08d9",
    "data": [
      {
        "text": "ты особенная",
        "userDefined": false
      }
    ],
    "isTemplate": false,
    "count": 0,
    "updated": 0
  },
  {
    "id": "c4619ac1-9663-4a92-9d95-85dcbf7123f3",
    "data": [
      {
        "text": "ты так мне нравишься",
        "userDefined": false
      }
    ],
    "isTemplate": false,
    "count": 0,
    "updated": 0
  },
  {
    "id": "598fc202-6847-4ed5-ae79-f945bcea5dbc",
    "data": [
      {
        "text": "да ты мне действительно по-настоящему нравишься",
        "userDefined": false
      }
    ],
    "isTemplate": false,
    "count": 0,
    "updated": 0
  },
  {
    "id": "116e81c4-7650-4a82-91de-658fd1dd204c",
    "data": [
      {
        "text": "ты очень милый",
        "userDefined": false
      }
    ],
    "isTemplate": false,
    "count": 0,
    "updated": 0
  },
  {
    "id": "96ca5a96-2d0b-4d87-a45d-dfee7c81889d",
    "data": [
      {
        "text": "вот это мне в тебе и нравится",
        "userDefined": false
      }
    ],
    "isTemplate": false,
    "count": 0,
    "updated": 0
  },
  {
    "id": "48404c54-68bc-4ee2-a774-a1fbc2d8f85b",
    "data": [
      {
        "text": "но мне это нравится в тебе",
        "userDefined": false
      }
    ],
    "isTemplate": false,
    "count": 0,
    "updated": 0
  },
  {
    "id": "3c429557-15a4-43e7-9753-14549ea377a4",
    "data": [
      {
        "text": "ты смешная мне это нравится",
        "userDefined": false
      }
    ],
    "isTemplate": false,
    "count": 0,
    "updated": 0
  },
  {
    "id": "1f203cc5-1908-486e-b7af-30524659cc39",
    "data": [
      {
        "text": "такая ты мне нравишься больше",
        "userDefined": false
      }
    ],
    "isTemplate": false,
    "count": 0,
    "updated": 0
  },
  {
    "id": "7cd0bf85-3ea1-41b1-b01f-1ba00255fc90",
    "data": [
      {
        "text": "ты мне тоже нравишься",
        "userDefined": false
      }
    ],
    "isTemplate": false,
    "count": 0,
    "updated": 0
  },
  {
    "id": "4b245eaa-2f73-469a-b433-0b7f23393873",
    "data": [
      {
        "text": "конечно же ты мне нравишься",
        "userDefined": false
      }
    ],
    "isTemplate": false,
    "count": 0,
    "updated": 0
  },
  {
    "id": "9e463683-cf30-44ff-8f7d-4c2811cce990",
    "data": [
      {
        "text": "да ты мне нравишься",
        "userDefined": false
      }
    ],
    "isTemplate": false,
    "count": 0,
    "updated": 0
  },
  {
    "id": "50c1b90d-890a-4382-b7da-260f6d2f0e57",
    "data": [
      {
        "text": "ты нравишься мне таким как есть",
        "userDefined": false
      }
    ],
    "isTemplate": false,
    "count": 0,
    "updated": 0
  },
  {
    "id": "41e3ea5a-f71a-4be9-aa67-31d1001e88f9",
    "data": [
      {
        "text": "ты мне начинаешь нравиться",
        "userDefined": false
      }
    ],
    "isTemplate": false,
    "count": 0,
    "updated": 0
  },
  {
    "id": "53567211-37e2-4e67-b691-b20b65c15391",
    "data": [
      {
        "text": "ты мне нравишься",
        "userDefined": false
      }
    ],
    "isTemplate": false,
    "count": 0,
    "updated": 0
  },
  {
    "id": "5925a310-21af-46a5-a473-15855be3cf81",
    "data": [
      {
        "text": "думаю ты нравишься мне",
        "userDefined": false
      }
    ],
    "isTemplate": false,
    "count": 0,
    "updated": 0
  },
  {
    "id": "abe8d99c-b1e0-4071-bab7-75108a89fe94",
    "data": [
      {
        "text": "ты очень мне понравилась",
        "userDefined": false
      }
    ],
    "isTemplate": false,
    "count": 0,
    "updated": 0
  },
  {
    "id": "81318550-718b-4a1a-9524-b91d48de0de5",
    "data": [
      {
        "text": "нравишься мне",
        "userDefined": false
      }
    ],
    "isTemplate": false,
    "count": 0,
    "updated": 0
  },
  {
    "id": "0116fbfe-8f54-4ed2-a2e1-565ee4d0a528",
    "data": [
      {
        "text": "это то что мне в тебе нравится больше всего",
        "userDefined": false
      }
    ],
    "isTemplate": false,
    "count": 0,
    "updated": 0
  },
  {
    "id": "5080a26a-779e-41e0-9226-a943f86ec7a8",
    "data": [
      {
        "text": "мне нравится твоя улыбка",
        "userDefined": false
      }
    ],
    "isTemplate": false,
    "count": 0,
    "updated": 0
  },
  {
    "id": "e001078c-868d-486c-ac55-373265ada3e9",
    "data": [
      {
        "text": "ты мне ужасно нравишься",
        "userDefined": false
      }
    ],
    "isTemplate": false,
    "count": 0,
    "updated": 0
  },
  {
    "id": "ea3e9039-d3bc-4b47-b0e6-9133a1a98069",
    "data": [
      {
        "text": "ты мне нравишься как друг",
        "userDefined": false
      }
    ],
    "isTemplate": false,
    "count": 0,
    "updated": 0
  },
  {
    "id": "93375dd1-bb5c-4158-90db-99000813d3f2",
    "data": [
      {
        "text": "правда ты очень мне нравишься",
        "userDefined": false
      }
    ],
    "isTemplate": false,
    "count": 0,
    "updated": 0
  },
  {
    "id": "776702fe-b3ba-41f5-8d53-c1917edff9b8",
    "data": [
      {
        "text": "ты нравишься мне очень-очень",
        "userDefined": false
      }
    ],
    "isTemplate": false,
    "count": 0,
    "updated": 0
  },
  {
    "id": "0f92865c-e7a2-42c6-be1a-adf6a90b1ad6",
    "data": [
      {
        "text": "безумно нравишься",
        "userDefined": false
      }
    ],
    "isTemplate": false,
    "count": 0,
    "updated": 0
  },
  {
    "id": "e84649af-c6ae-4ace-88cb-62cf63f7f7fb",
    "data": [
      {
        "text": "просто нравишься",
        "userDefined": false
      }
    ],
    "isTemplate": false,
    "count": 0,
    "updated": 0
  },
  {
    "id": "8494055f-a33f-4642-96f7-15e7a97a9320",
    "data": [
      {
        "text": "вот такой ты нравишься мне",
        "userDefined": false
      }
    ],
    "isTemplate": false,
    "count": 0,
    "updated": 0
  },
  {
    "id": "80cfbffc-afa2-4831-a860-b8e1bb8537a1",
    "data": [
      {
        "text": "это потому что ты особенная",
        "userDefined": false
      }
    ],
    "isTemplate": false,
    "count": 0,
    "updated": 0
  }
]