[
  {
    "id": "1d309a4d-2667-4229-9414-6c05bb6d0ed1",
    "data": [
      {
        "text": "Ты красиво тупишь",
        "userDefined": false
      }
    ],
    "isTemplate": false,
    "count": 0,
    "updated": 0
  },
  {
    "id": "12d22027-c73b-4d12-8f65-00f65d4ebed0",
    "data": [
      {
        "text": "ты привлекательная",
        "userDefined": false
      }
    ],
    "isTemplate": false,
    "count": 0,
    "updated": 0
  },
  {
    "id": "eb76ec31-8218-4681-a2f3-8379d05155f3",
    "data": [
      {
        "text": "ты красавец",
        "userDefined": false
      }
    ],
    "isTemplate": false,
    "count": 0,
    "updated": 0
  },
  {
    "id": "9d55c9c2-a391-492e-b43a-4932d0ab917f",
    "data": [
      {
        "text": "выглядишь просто чудесно",
        "userDefined": false
      }
    ],
    "isTemplate": false,
    "count": 0,
    "updated": 0
  },
  {
    "id": "58342e28-a9aa-4579-9bd7-e451bc46eaa7",
    "data": [
      {
        "text": "фантастически выглядишь",
        "userDefined": false
      }
    ],
    "isTemplate": false,
    "count": 0,
    "updated": 0
  },
  {
    "id": "0651e898-4189-416c-a515-605d02056223",
    "data": [
      {
        "text": "ты так прекрасна",
        "userDefined": false
      }
    ],
    "isTemplate": false,
    "count": 0,
    "updated": 0
  },
  {
    "id": "25e3a575-a160-4d1a-bef3-9d8b2b948721",
    "data": [
      {
        "text": "потрясающе выглядишь",
        "userDefined": false
      }
    ],
    "isTemplate": false,
    "count": 3,
    "updated": 0
  },
  {
    "id": "4dfbf357-ae6f-4f74-81a7-c27c3c8cc3e2",
    "data": [
      {
        "text": "ты очень милая",
        "userDefined": false
      }
    ],
    "isTemplate": false,
    "count": 0,
    "updated": 0
  },
  {
    "id": "9c265481-03df-493b-b7b7-288714a5929a",
    "data": [
      {
        "text": "ослепительно выглядишь",
        "userDefined": false
      }
    ],
    "isTemplate": false,
    "count": 0,
    "updated": 0
  },
  {
    "id": "ccacb99d-495f-468b-85dc-4df6ba1df4b0",
    "data": [
      {
        "text": "ты очень красивая",
        "userDefined": false
      }
    ],
    "isTemplate": false,
    "count": 0,
    "updated": 0
  },
  {
    "id": "b834c1d9-fc91-4c2e-85a1-9872611aad4e",
    "data": [
      {
        "text": "ты так красиво выглядишь",
        "userDefined": false
      }
    ],
    "isTemplate": false,
    "count": 0,
    "updated": 0
  },
  {
    "id": "2a0d824e-e2d4-488a-88d8-835ac90e7e70",
    "data": [
      {
        "text": "ты просто прелесть",
        "userDefined": false
      }
    ],
    "isTemplate": false,
    "count": 0,
    "updated": 0
  },
  {
    "id": "b3b3eba3-4440-483a-af6f-8d51b89e6387",
    "data": [
      {
        "text": "ты мил",
        "userDefined": false
      }
    ],
    "isTemplate": false,
    "count": 0,
    "updated": 0
  },
  {
    "id": "c27d81a9-8e30-41b6-9559-baba36e2cf81",
    "data": [
      {
        "text": "ты такая красивая",
        "userDefined": false
      }
    ],
    "isTemplate": false,
    "count": 0,
    "updated": 0
  },
  {
    "id": "93755003-4a8f-40f1-903c-13536791d806",
    "data": [
      {
        "text": "ты такой красавчик",
        "userDefined": false
      }
    ],
    "isTemplate": false,
    "count": 0,
    "updated": 0
  },
  {
    "id": "af007d65-3e48-4f3d-8716-c899b153a4c1",
    "data": [
      {
        "text": "ты слишком красивая",
        "userDefined": false
      }
    ],
    "isTemplate": false,
    "count": 1,
    "updated": 0
  },
  {
    "id": "20355578-63e0-4001-aafd-1cd4329706b5",
    "data": [
      {
        "text": "как по мне так ты красавец",
        "userDefined": false
      }
    ],
    "isTemplate": false,
    "count": 0,
    "updated": 0
  },
  {
    "id": "b3e0ee15-ba83-4228-b69a-8e6abbc4d7ae",
    "data": [
      {
        "text": "ты милашка",
        "userDefined": false
      }
    ],
    "isTemplate": false,
    "count": 1,
    "updated": 0
  },
  {
    "id": "908f6e07-6a58-4146-8dab-f01c55b5f30d",
    "data": [
      {
        "text": "ты такой милый",
        "userDefined": false
      }
    ],
    "isTemplate": false,
    "count": 0,
    "updated": 0
  },
  {
    "id": "f8d22458-1071-48be-b2e7-ad78f9d7c59b",
    "data": [
      {
        "text": "выглядишь чудесно",
        "userDefined": false
      }
    ],
    "isTemplate": false,
    "count": 0,
    "updated": 0
  },
  {
    "id": "dae9cea8-52f5-45f0-a62f-ac94b9dac767",
    "data": [
      {
        "text": "думаю ты красавица",
        "userDefined": false
      }
    ],
    "isTemplate": false,
    "count": 0,
    "updated": 0
  },
  {
    "id": "d86695b1-5891-4a7f-8534-a0940c7c6344",
    "data": [
      {
        "text": "ты симпатична",
        "userDefined": false
      }
    ],
    "isTemplate": false,
    "count": 0,
    "updated": 0
  },
  {
    "id": "fbae9a55-b253-4a3a-bc45-877201efd0d7",
    "data": [
      {
        "text": "ты очень хороша собой",
        "userDefined": false
      }
    ],
    "isTemplate": false,
    "count": 0,
    "updated": 0
  },
  {
    "id": "d5d88701-f46a-4948-9910-e4eeb12eb2d1",
    "data": [
      {
        "text": "ты очаровательна",
        "userDefined": false
      }
    ],
    "isTemplate": false,
    "count": 0,
    "updated": 0
  },
  {
    "id": "8bd4e372-f130-4032-82dd-caf090e68e77",
    "data": [
      {
        "text": "мне нравится как ты выглядишь",
        "userDefined": false
      }
    ],
    "isTemplate": false,
    "count": 1,
    "updated": 0
  },
  {
    "id": "f28709fa-2937-4928-b92b-76495cdde3d1",
    "data": [
      {
        "text": "ты потрясающий",
        "userDefined": false
      }
    ],
    "isTemplate": false,
    "count": 0,
    "updated": 0
  },
  {
    "id": "b63bad02-9d6d-43e0-b596-c2f17c90f1b8",
    "data": [
      {
        "text": "прелестно выглядишь",
        "userDefined": false
      }
    ],
    "isTemplate": false,
    "count": 0,
    "updated": 0
  },
  {
    "id": "e8328e7a-b255-45d7-9862-3c18b30461d7",
    "data": [
      {
        "text": "ты просто совершенство",
        "userDefined": false
      }
    ],
    "isTemplate": false,
    "count": 0,
    "updated": 0
  },
  {
    "id": "e7a7613a-641d-4c97-aeda-b401d5a86a1b",
    "data": [
      {
        "text": "выглядишь неплохо",
        "userDefined": false
      }
    ],
    "isTemplate": false,
    "count": 0,
    "updated": 0
  },
  {
    "id": "e9ae7ed1-191d-4859-9831-6465cbb358af",
    "data": [
      {
        "text": "ты милая",
        "userDefined": false
      }
    ],
    "isTemplate": false,
    "count": 1,
    "updated": 0
  },
  {
    "id": "da9b17cd-ec85-403f-9016-40c472c8595a",
    "data": [
      {
        "text": "выглядишь мило",
        "userDefined": false
      }
    ],
    "isTemplate": false,
    "count": 0,
    "updated": 0
  },
  {
    "id": "b4c17b85-d0ab-4827-9f69-bfb6fc025abb",
    "data": [
      {
        "text": "ты просто чудо",
        "userDefined": false
      }
    ],
    "isTemplate": false,
    "count": 0,
    "updated": 0
  },
  {
    "id": "4d549f78-cc21-482e-b32d-1f39bad84692",
    "data": [
      {
        "text": "ты очарователен",
        "userDefined": false
      }
    ],
    "isTemplate": false,
    "count": 0,
    "updated": 0
  },
  {
    "id": "39b7e00b-01bf-4289-a0f3-5dddbfd6e788",
    "data": [
      {
        "text": "ты так привлекательна",
        "userDefined": false
      }
    ],
    "isTemplate": false,
    "count": 0,
    "updated": 0
  },
  {
    "id": "c04a4078-25bb-44c4-be07-1a6ca3e9b381",
    "data": [
      {
        "text": "ты такой милашка",
        "userDefined": false
      }
    ],
    "isTemplate": false,
    "count": 0,
    "updated": 0
  },
  {
    "id": "a576eef6-a744-429c-bacf-cad3848acaee",
    "data": [
      {
        "text": "круто выглядишь",
        "userDefined": false
      }
    ],
    "isTemplate": false,
    "count": 0,
    "updated": 0
  },
  {
    "id": "ac07ff37-78b1-4a92-b687-894dddb7775a",
    "data": [
      {
        "text": "прекрасно выглядишь сегодня",
        "userDefined": false
      }
    ],
    "isTemplate": false,
    "count": 1,
    "updated": 0
  },
  {
    "id": "8aa528ad-c2b4-483e-8aae-fff813a4c13d",
    "data": [
      {
        "text": "ты такой красивый",
        "userDefined": false
      }
    ],
    "isTemplate": false,
    "count": 0,
    "updated": 0
  },
  {
    "id": "e8ca94ff-1be0-4a35-a529-e92d01337c79",
    "data": [
      {
        "text": "ты изумительна",
        "userDefined": false
      }
    ],
    "isTemplate": false,
    "count": 0,
    "updated": 0
  },
  {
    "id": "33e81098-1c66-4179-ab08-85d47c6c60a5",
    "data": [
      {
        "text": "хорошо выгядишь",
        "userDefined": false
      }
    ],
    "isTemplate": false,
    "count": 0,
    "updated": 0
  },
  {
    "id": "e1f04dc6-12b2-4fa9-be1a-36259eafaf70",
    "data": [
      {
        "text": "ты просто чудесно выглядишь",
        "userDefined": false
      }
    ],
    "isTemplate": false,
    "count": 0,
    "updated": 0
  },
  {
    "id": "2c411a70-8af7-4d09-9d6d-ef5da8152f0d",
    "data": [
      {
        "text": "ты очень привлекателен",
        "userDefined": false
      }
    ],
    "isTemplate": false,
    "count": 0,
    "updated": 0
  },
  {
    "id": "e344269a-b372-467c-8fb1-efce84ad627a",
    "data": [
      {
        "text": "ты потрясающая",
        "userDefined": false
      }
    ],
    "isTemplate": false,
    "count": 0,
    "updated": 0
  },
  {
    "id": "d693bab7-fe6a-4894-aff5-334709fd9444",
    "data": [
      {
        "text": "ты мне симпатичен",
        "userDefined": false
      }
    ],
    "isTemplate": false,
    "count": 0,
    "updated": 0
  },
  {
    "id": "6bf15235-6db3-44a1-9b99-f4642ad7ccf1",
    "data": [
      {
        "text": "сегодня выглядишь просто волшебно",
        "userDefined": false
      }
    ],
    "isTemplate": false,
    "count": 0,
    "updated": 0
  },
  {
    "id": "2acbc46b-370c-4085-bc45-b95204fbd9eb",
    "data": [
      {
        "text": "ты действительно красива",
        "userDefined": false
      }
    ],
    "isTemplate": false,
    "count": 0,
    "updated": 0
  },
  {
    "id": "22c31020-8644-48d6-8257-d448910d5929",
    "data": [
      {
        "text": "ты действительно хорош собой",
        "userDefined": false
      }
    ],
    "isTemplate": false,
    "count": 0,
    "updated": 0
  },
  {
    "id": "b8e50a0a-dd4a-47ee-8297-8e9ba7dffc50",
    "data": [
      {
        "text": "ну почему ты так красива",
        "userDefined": false
      }
    ],
    "isTemplate": false,
    "count": 0,
    "updated": 0
  },
  {
    "id": "a99a3450-a7fa-463d-aae3-7603715cf10a",
    "data": [
      {
        "text": "ты ослепительна",
        "userDefined": false
      }
    ],
    "isTemplate": false,
    "count": 0,
    "updated": 0
  },
  {
    "id": "4d39ccd5-c860-45b4-8f9f-fb564e2a3dac",
    "data": [
      {
        "text": "чудесно выглядишь",
        "userDefined": false
      }
    ],
    "isTemplate": false,
    "count": 1,
    "updated": 0
  },
  {
    "id": "f99289fb-aec6-4a41-8bec-9c64698fdf69",
    "data": [
      {
        "text": " ты очаровашка",
        "userDefined": false
      }
    ],
    "isTemplate": false,
    "count": 0,
    "updated": 0
  },
  {
    "id": "e643fb4c-c342-428f-88a6-7e2e8374f28f",
    "data": [
      {
        "text": "потрясно выглядишь сегодня",
        "userDefined": false
      }
    ],
    "isTemplate": false,
    "count": 0,
    "updated": 0
  }
]