[
  {
    "id": "2ebff59c-ef3f-40b0-b7af-3f3aa153233f",
    "data": [
      {
        "text": "всегда пожалуйста",
        "userDefined": false
      }
    ],
    "isTemplate": false,
    "count": 0,
    "updated": 0
  },
  {
    "id": "a52c251a-ea99-4ca0-8555-e9602f1e65dd",
    "data": [
      {
        "text": "всё что угодно для тебя",
        "userDefined": false
      }
    ],
    "isTemplate": false,
    "count": 0,
    "updated": 0
  },
  {
    "id": "55bd523a-bb36-409e-bb65-db03b739e9ae",
    "data": [
      {
        "text": "конечно на здоровье",
        "userDefined": false
      }
    ],
    "isTemplate": false,
    "count": 0,
    "updated": 0
  },
  {
    "id": "9453c7cf-2c6f-43f5-a262-b1fa557ca57f",
    "data": [
      {
        "text": "не за что",
        "userDefined": false
      }
    ],
    "isTemplate": false,
    "count": 0,
    "updated": 0
  },
  {
    "id": "8f7eceab-765d-4d57-9744-b1b0e7e6fd5c",
    "data": [
      {
        "text": "всё что пожелаешь",
        "userDefined": false
      }
    ],
    "isTemplate": false,
    "count": 0,
    "updated": 0
  },
  {
    "id": "c61f9d3c-fa52-45ae-94a9-72e0c7c7e0f3",
    "data": [
      {
        "text": "пожалуйста",
        "userDefined": false
      }
    ],
    "isTemplate": false,
    "count": 0,
    "updated": 0
  },
  {
    "id": "023078d4-4fa4-411e-93d3-c7ea18efa9c0",
    "data": [
      {
        "text": "на",
        "meta": "@sys.ignore",
        "userDefined": false
      },
      {
        "text": " здоровье",
        "userDefined": false
      }
    ],
    "isTemplate": false,
    "count": 0,
    "updated": 0
  },
  {
    "id": "287e42de-86b5-473a-a9b3-36b5b21bda15",
    "data": [
      {
        "text": "не стоит благодарности",
        "userDefined": false
      }
    ],
    "isTemplate": false,
    "count": 0,
    "updated": 0
  }
]