[
  {
    "id": "7fb1f703-1845-4351-96ad-3dd5c9991cca",
    "data": [
      {
        "text": "прошу прощения",
        "userDefined": false
      }
    ],
    "isTemplate": false,
    "count": 3,
    "updated": 1550314502
  },
  {
    "id": "5fcefe61-43a6-4946-aef8-f513f9b3568f",
    "data": [
      {
        "text": "говорю же извини",
        "userDefined": false
      }
    ],
    "isTemplate": false,
    "count": 0,
    "updated": 0
  },
  {
    "id": "fc37bde8-155f-48ae-82cc-2eeabf74f598",
    "data": [
      {
        "text": "очень извиняюсь",
        "userDefined": false
      }
    ],
    "isTemplate": false,
    "count": 0,
    "updated": 0
  },
  {
    "id": "bf156cfd-18d5-4f89-a472-5829c9893fc5",
    "data": [
      {
        "text": "хорошо мне жаль",
        "userDefined": false
      }
    ],
    "isTemplate": false,
    "count": 1,
    "updated": 0
  },
  {
    "id": "d5616335-03cb-4e5d-9590-f9f43441964f",
    "data": [
      {
        "text": "я так сожалею",
        "userDefined": false
      }
    ],
    "isTemplate": false,
    "count": 0,
    "updated": 0
  },
  {
    "id": "c985ca3d-2560-4269-84e3-a81033217510",
    "data": [
      {
        "text": "прости",
        "userDefined": false
      }
    ],
    "isTemplate": false,
    "count": 0,
    "updated": 0
  },
  {
    "id": "627db38c-4078-4a1e-b2ab-1b733575c16c",
    "data": [
      {
        "text": "мне так жаль",
        "userDefined": false
      }
    ],
    "isTemplate": false,
    "count": 0,
    "updated": 0
  },
  {
    "id": "6cc90bd6-9c8f-4057-933f-14d63269de6f",
    "data": [
      {
        "text": "хочу перед тобой извиниться",
        "userDefined": false
      }
    ],
    "isTemplate": false,
    "count": 0,
    "updated": 0
  },
  {
    "id": "d3792281-5a91-4eff-9e7b-ba910b626d18",
    "data": [
      {
        "text": "извини меня",
        "userDefined": false
      }
    ],
    "isTemplate": false,
    "count": 1,
    "updated": 0
  },
  {
    "id": "dc97d9eb-fff2-4caf-8e2c-5df2244b0578",
    "data": [
      {
        "text": "окей я прошу прощения",
        "userDefined": false
      }
    ],
    "isTemplate": false,
    "count": 0,
    "updated": 0
  },
  {
    "id": "6e7166c6-7330-4100-b264-b882a72ce86e",
    "data": [
      {
        "text": "хорошо прости",
        "userDefined": false
      }
    ],
    "isTemplate": false,
    "count": 0,
    "updated": 0
  },
  {
    "id": "ee7b9771-2a88-440c-8bb6-6835dbe06b8a",
    "data": [
      {
        "text": "извиняюсь",
        "userDefined": false
      }
    ],
    "isTemplate": false,
    "count": 0,
    "updated": 0
  },
  {
    "id": "69b60f2f-98f7-4df7-8294-2c026a3a5031",
    "data": [
      {
        "text": "правда жаль",
        "userDefined": false
      }
    ],
    "isTemplate": false,
    "count": 0,
    "updated": 0
  },
  {
    "id": "5b8d2968-5c6a-4cee-ba2e-5b1e6397465f",
    "data": [
      {
        "text": "мне действительно жаль",
        "userDefined": false
      }
    ],
    "isTemplate": false,
    "count": 0,
    "updated": 0
  },
  {
    "id": "69217c4e-81f0-484e-b0e4-2b1587d76a6b",
    "data": [
      {
        "text": "мне правда жаль",
        "userDefined": false
      }
    ],
    "isTemplate": false,
    "count": 0,
    "updated": 0
  },
  {
    "id": "1b99cd42-3050-49bd-8bfa-e9e0a3809753",
    "data": [
      {
        "text": "вот насчёт этого я сожалею",
        "userDefined": false
      }
    ],
    "isTemplate": false,
    "count": 0,
    "updated": 0
  },
  {
    "id": "cf7cc4ea-13ea-4f85-a0c9-b374f4402bd6",
    "data": [
      {
        "text": "прости меня",
        "userDefined": false
      }
    ],
    "isTemplate": false,
    "count": 1,
    "updated": 0
  },
  {
    "id": "ecd4badf-0763-4362-9788-f7a14b595276",
    "data": [
      {
        "text": "прошу тебя извини меня",
        "userDefined": false
      }
    ],
    "isTemplate": false,
    "count": 0,
    "updated": 0
  },
  {
    "id": "3bdb8a36-a4b0-4fd0-8843-050135e13d1f",
    "data": [
      {
        "text": "я сказал прости",
        "userDefined": false
      }
    ],
    "isTemplate": false,
    "count": 1,
    "updated": 0
  },
  {
    "id": "273b0a2e-8816-4d53-be7f-098b60473d32",
    "data": [
      {
        "text": "жаль",
        "userDefined": false
      }
    ],
    "isTemplate": false,
    "count": 0,
    "updated": 0
  },
  {
    "id": "8ac59fbc-afae-4451-819b-0ecf93cce947",
    "data": [
      {
        "text": "я сожалею",
        "userDefined": false
      }
    ],
    "isTemplate": false,
    "count": 1,
    "updated": 0
  },
  {
    "id": "bcd1f1c2-6e75-404f-b4fe-a1f9d70d8754",
    "data": [
      {
        "text": "прими мои извинения",
        "userDefined": false
      }
    ],
    "isTemplate": false,
    "count": 0,
    "updated": 0
  }
]