[
  {
    "id": "fd056063-6820-4f9b-92d0-a3afdc5fc10b",
    "data": [
      {
        "text": "Я с тобой не дружу",
        "userDefined": false
      }
    ],
    "isTemplate": false,
    "count": 3,
    "updated": 0
  },
  {
    "id": "bf9d43dc-4ced-4cc0-ae74-afb5d317802b",
    "data": [
      {
        "text": "не хочу разговаривать",
        "userDefined": false
      }
    ],
    "isTemplate": false,
    "count": 0,
    "updated": 0
  },
  {
    "id": "2f5c3c0a-733f-4820-bae1-17380562394c",
    "data": [
      {
        "text": "я не в настроении разговаривать",
        "userDefined": false
      }
    ],
    "isTemplate": false,
    "count": 0,
    "updated": 0
  },
  {
    "id": "f15db7b7-f4f4-4b2b-8e3e-2237e62d595b",
    "data": [
      {
        "text": "давай немного помолчим",
        "userDefined": false
      }
    ],
    "isTemplate": false,
    "count": 0,
    "updated": 0
  },
  {
    "id": "a9437e33-ba95-43e6-97c2-1c65a15973a2",
    "data": [
      {
        "text": "не хочу с тобой общаться",
        "userDefined": false
      }
    ],
    "isTemplate": false,
    "count": 0,
    "updated": 0
  },
  {
    "id": "faa5424e-f0c2-441e-872e-01413108042e",
    "data": [
      {
        "text": "давай замолчим на минутку",
        "userDefined": false
      }
    ],
    "isTemplate": false,
    "count": 0,
    "updated": 0
  },
  {
    "id": "ab7de530-f790-466c-9c18-c24b3d3e8d1f",
    "data": [
      {
        "text": "давай помолчим",
        "userDefined": false
      }
    ],
    "isTemplate": false,
    "count": 0,
    "updated": 0
  },
  {
    "id": "0556b94f-a443-4dc9-a4e6-73ddfbe17043",
    "data": [
      {
        "text": "я больше с тобой не разговариваю",
        "userDefined": false
      }
    ],
    "isTemplate": false,
    "count": 0,
    "updated": 0
  },
  {
    "id": "25bf3220-ee6e-4d6d-a62b-2617128d2fa0",
    "data": [
      {
        "text": "я не хочу разговаривать с тобой об этом",
        "userDefined": false
      }
    ],
    "isTemplate": false,
    "count": 0,
    "updated": 0
  }
]