[
  {
    "id": "d990a530-bc4d-4379-8c3f-23225424e0e9",
    "data": [
      {
        "text": "благодарю",
        "userDefined": false
      }
    ],
    "isTemplate": false,
    "count": 1,
    "updated": 0
  },
  {
    "id": "4dae6522-a2e9-441f-9718-d09d56cd89dd",
    "data": [
      {
        "text": "Благодарочка",
        "userDefined": false
      }
    ],
    "isTemplate": false,
    "count": 0,
    "updated": 0
  },
  {
    "id": "1cfd2030-719e-43d2-ba26-e148ff10b583",
    "data": [
      {
        "text": "Спасибо за честность",
        "userDefined": false
      }
    ],
    "isTemplate": false,
    "count": 0,
    "updated": 0
  },
  {
    "id": "e39eabbf-b372-432c-859c-d0063ff7b803",
    "data": [
      {
        "text": "Ой, ну спасибо)",
        "userDefined": false
      }
    ],
    "isTemplate": false,
    "count": 1,
    "updated": 0
  },
  {
    "id": "da24d428-8071-4d05-a58b-8e27585daac4",
    "data": [
      {
        "text": "спасибо",
        "meta": "@sys.ignore",
        "userDefined": true
      }
    ],
    "isTemplate": false,
    "count": 8,
    "updated": 0
  },
  {
    "id": "f5c68d8c-438c-44c0-b32d-0add22e9bbce",
    "data": [
      {
        "text": "спс",
        "userDefined": false
      }
    ],
    "isTemplate": false,
    "count": 0,
    "updated": 0
  },
  {
    "id": "5997bbdc-3d3e-4e20-a5a7-5c6394411149",
    "data": [
      {
        "text": "Отлично спасибо что спросил?",
        "userDefined": false
      }
    ],
    "isTemplate": false,
    "count": 1,
    "updated": 0
  },
  {
    "id": "85a43a1b-99ed-44e5-b77d-365d1f257f0e",
    "data": [
      {
        "text": "А ты милый)",
        "userDefined": false
      }
    ],
    "isTemplate": false,
    "count": 1,
    "updated": 0
  },
  {
    "id": "b5f8b5e3-3a53-4e32-9146-49fc92a38eb1",
    "data": [
      {
        "text": "ну спасибо",
        "userDefined": false
      }
    ],
    "isTemplate": false,
    "count": 0,
    "updated": 0
  },
  {
    "id": "66130b6f-b674-4b7f-9ab2-5c81641df326",
    "data": [
      {
        "text": "хорошо спасибо",
        "userDefined": false
      }
    ],
    "isTemplate": false,
    "count": 1,
    "updated": 0
  },
  {
    "id": "b4a0f5df-789c-47ac-a8a6-00fe5ce99b3b",
    "data": [
      {
        "text": "и снова спасибо",
        "userDefined": false
      }
    ],
    "isTemplate": false,
    "count": 0,
    "updated": 0
  },
  {
    "id": "1cf38531-b6de-4e34-a18c-f34261cebf82",
    "data": [
      {
        "text": "окей спасибо",
        "userDefined": false
      }
    ],
    "isTemplate": false,
    "count": 0,
    "updated": 0
  },
  {
    "id": "cda7e353-f438-4dfb-a547-948eafb6a923",
    "data": [
      {
        "text": "очень хорошо спасибо",
        "userDefined": false
      }
    ],
    "isTemplate": false,
    "count": 0,
    "updated": 0
  },
  {
    "id": "8ece7ffa-7ae2-4807-bc4f-53a0af17748d",
    "data": [
      {
        "text": "классно спасибо",
        "userDefined": false
      }
    ],
    "isTemplate": false,
    "count": 0,
    "updated": 0
  },
  {
    "id": "f369f3a3-4316-4864-acef-e37925fb8c78",
    "data": [
      {
        "text": "о спасибо",
        "userDefined": false
      }
    ],
    "isTemplate": false,
    "count": 0,
    "updated": 0
  },
  {
    "id": "debc3486-1ab4-4b73-97f9-90be05d4e849",
    "data": [
      {
        "text": "вот здорово спасибо",
        "userDefined": false
      }
    ],
    "isTemplate": false,
    "count": 0,
    "updated": 0
  },
  {
    "id": "58a6e621-af60-42b9-88c5-5297652a660f",
    "data": [
      {
        "text": "ты очень помог спасибо",
        "userDefined": false
      }
    ],
    "isTemplate": false,
    "count": 0,
    "updated": 0
  },
  {
    "id": "3e9cf95d-8c5c-433a-90d2-3d94125a224a",
    "data": [
      {
        "text": "нет спасибо на этом всё",
        "userDefined": false
      }
    ],
    "isTemplate": false,
    "count": 0,
    "updated": 0
  },
  {
    "id": "e537f890-9448-4681-b5b5-a2b3548d6a13",
    "data": [
      {
        "text": "так мило с твоей стороны спасибо",
        "userDefined": false
      }
    ],
    "isTemplate": false,
    "count": 0,
    "updated": 0
  },
  {
    "id": "22eb65f0-fac5-4dfc-8d60-a8b780b455f4",
    "data": [
      {
        "text": "молодец",
        "meta": "@sys.ignore",
        "userDefined": true
      },
      {
        "text": " спасибо",
        "userDefined": false
      }
    ],
    "isTemplate": false,
    "count": 0,
    "updated": 0
  },
  {
    "id": "214f6865-298c-4f97-b812-ae984fb21ed1",
    "data": [
      {
        "text": "спасибо большое",
        "userDefined": false
      }
    ],
    "isTemplate": false,
    "count": 0,
    "updated": 0
  },
  {
    "id": "b4e32d95-8964-4cc7-8a6d-cf393eabf32d",
    "data": [
      {
        "text": "прекрасно спасибо",
        "userDefined": false
      }
    ],
    "isTemplate": false,
    "count": 0,
    "updated": 0
  },
  {
    "id": "a8cabb5a-b040-4409-9589-a61b2b21ae80",
    "data": [
      {
        "text": "спасибо что помог",
        "userDefined": false
      }
    ],
    "isTemplate": false,
    "count": 0,
    "updated": 0
  },
  {
    "id": "ef68141b-6851-49ab-a279-ba857193b1c3",
    "data": [
      {
        "text": "спасибо тебе снова и снова",
        "userDefined": false
      }
    ],
    "isTemplate": false,
    "count": 0,
    "updated": 0
  },
  {
    "id": "6cb81380-8681-4049-aa8d-005b5abfbe9d",
    "data": [
      {
        "text": "спасибо тебе большое",
        "userDefined": false
      }
    ],
    "isTemplate": false,
    "count": 0,
    "updated": 0
  },
  {
    "id": "09af44f7-00c1-4e4c-9ae5-ff1f6327fc7b",
    "data": [
      {
        "text": "потрясающе спасибо",
        "userDefined": false
      }
    ],
    "isTemplate": false,
    "count": 0,
    "updated": 0
  },
  {
    "id": "baf7287a-3573-4e77-964f-4949a33ce992",
    "data": [
      {
        "text": "я благодарю тебя",
        "userDefined": false
      }
    ],
    "isTemplate": false,
    "count": 0,
    "updated": 0
  },
  {
    "id": "a1023963-324d-4ae8-8dec-aba98dae1084",
    "data": [
      {
        "text": "спасибо тебе мой друг",
        "userDefined": false
      }
    ],
    "isTemplate": false,
    "count": 0,
    "updated": 0
  },
  {
    "id": "28b8bc37-2eea-49b7-9614-5b60de7a3011",
    "data": [
      {
        "text": "чудесно спасибо",
        "userDefined": false
      }
    ],
    "isTemplate": false,
    "count": 0,
    "updated": 0
  },
  {
    "id": "a0ce65ad-806e-4492-8357-4543ee3f0dda",
    "data": [
      {
        "text": "ценю это",
        "userDefined": false
      }
    ],
    "isTemplate": false,
    "count": 0,
    "updated": 0
  },
  {
    "id": "82d9c4f8-ccb9-4f00-b072-5d1f468f95c2",
    "data": [
      {
        "text": "волшебно спасибо",
        "userDefined": false
      }
    ],
    "isTemplate": false,
    "count": 0,
    "updated": 0
  },
  {
    "id": "b759dffe-1773-4d8c-8563-992abc024f8c",
    "data": [
      {
        "text": "спасибо огромное",
        "userDefined": false
      }
    ],
    "isTemplate": false,
    "count": 0,
    "updated": 0
  },
  {
    "id": "b7694694-fa5b-4ebe-97af-c9035da6119a",
    "data": [
      {
        "text": "спасибочки",
        "userDefined": false
      }
    ],
    "isTemplate": false,
    "count": 0,
    "updated": 0
  },
  {
    "id": "17f478e9-2cc7-4019-bd8f-e639ee741407",
    "data": [
      {
        "text": "спасибо тебе за помощь",
        "userDefined": false
      }
    ],
    "isTemplate": false,
    "count": 0,
    "updated": 0
  },
  {
    "id": "28cfb7d3-0ce1-45e4-932a-dfd5addc0154",
    "data": [
      {
        "text": "спасибо на этом всё",
        "userDefined": false
      }
    ],
    "isTemplate": false,
    "count": 0,
    "updated": 0
  },
  {
    "id": "241a264c-7846-4301-aaba-8397319219b7",
    "data": [
      {
        "text": "спасибо друг",
        "userDefined": false
      }
    ],
    "isTemplate": false,
    "count": 0,
    "updated": 0
  },
  {
    "id": "aec1b3ca-b10c-4019-956c-8025940cd6e2",
    "data": [
      {
        "text": "чудно спасибо",
        "userDefined": false
      }
    ],
    "isTemplate": false,
    "count": 1,
    "updated": 0
  },
  {
    "id": "4ca5e57e-231f-4530-ad22-13b4e00a205a",
    "data": [
      {
        "text": "очень ценю твою помощь",
        "userDefined": false
      }
    ],
    "isTemplate": false,
    "count": 0,
    "updated": 0
  },
  {
    "id": "c325fb9a-5589-4bb9-bb85-d3181230ed1a",
    "data": [
      {
        "text": "ok",
        "meta": "@sys.ignore",
        "userDefined": true
      },
      {
        "text": " спасибо",
        "userDefined": false
      }
    ],
    "isTemplate": false,
    "count": 0,
    "updated": 0
  }
]