[
  {
    "id": "81e1ec64-470d-4cb7-bd54-6ba043986b0c",
    "data": [
      {
        "text": "Не прикидывайся, все ты понимаешь",
        "userDefined": false
      }
    ],
    "isTemplate": false,
    "count": 0,
    "updated": 0
  },
  {
    "id": "e918d0bd-0ab9-4d9a-bf35-3789f60deb15",
    "data": [
      {
        "text": "Учись!!",
        "userDefined": false
      }
    ],
    "isTemplate": false,
    "count": 0,
    "updated": 0
  },
  {
    "id": "f9aa895e-b49e-457e-b1ea-a780c510b3ec",
    "data": [
      {
        "text": "Иди учись",
        "userDefined": false
      }
    ],
    "isTemplate": false,
    "count": 0,
    "updated": 0
  },
  {
    "id": "e6203803-d50f-48d7-999a-65d901e4a76e",
    "data": [
      {
        "text": "Ты чего такой тупой?",
        "userDefined": false
      }
    ],
    "isTemplate": false,
    "count": 1,
    "updated": 0
  },
  {
    "id": "91350571-5227-4827-a9f2-0e5e03a64abd",
    "data": [
      {
        "text": "Он мне комплименты отвешивает!",
        "userDefined": false
      }
    ],
    "isTemplate": false,
    "count": 1,
    "updated": 0
  },
  {
    "id": "f1f1a9af-d1df-4f71-a69a-a24dfa6cebf5",
    "data": [
      {
        "text": "стань умнее",
        "userDefined": false
      }
    ],
    "isTemplate": false,
    "count": 0,
    "updated": 0
  },
  {
    "id": "2b5d355c-7860-4664-b543-fef998be713b",
    "data": [
      {
        "text": "учись больше",
        "userDefined": false
      }
    ],
    "isTemplate": false,
    "count": 0,
    "updated": 0
  },
  {
    "id": "288b3c7e-4e42-464f-b03d-cd47f68dbeb4",
    "data": [
      {
        "text": "будь более умным",
        "userDefined": false
      }
    ],
    "isTemplate": false,
    "count": 0,
    "updated": 0
  },
  {
    "id": "43011e70-b5d2-4299-b3f4-02793d6cc3f7",
    "data": [
      {
        "text": "будь умнее",
        "userDefined": false
      }
    ],
    "isTemplate": false,
    "count": 0,
    "updated": 0
  },
  {
    "id": "6c5fb0d4-aa74-461e-bb03-ecc06744037a",
    "data": [
      {
        "text": "нужно тебе повысить свою квалификацию",
        "userDefined": false
      }
    ],
    "isTemplate": false,
    "count": 0,
    "updated": 0
  },
  {
    "id": "fb1c9230-7c26-4fe7-817e-ac8f4b2fff27",
    "data": [
      {
        "text": "ты должен учиться",
        "userDefined": false
      }
    ],
    "isTemplate": false,
    "count": 0,
    "updated": 0
  },
  {
    "id": "42e4796f-9a3f-450e-94fe-1fe47de39cdf",
    "data": [
      {
        "text": "повышай свою квалификацию",
        "userDefined": false
      }
    ],
    "isTemplate": false,
    "count": 0,
    "updated": 0
  },
  {
    "id": "a949964d-f4ca-476b-90b8-6bfe04d770ba",
    "data": [
      {
        "text": "тебе нужно больше учиться",
        "userDefined": false
      }
    ],
    "isTemplate": false,
    "count": 0,
    "updated": 0
  }
]