[
  {
    "id": "063a86f4-2d87-447e-84b7-4261bbc5f0e6",
    "data": [
      {
        "text": "Ты нормальный?",
        "userDefined": false
      }
    ],
    "isTemplate": false,
    "count": 8,
    "updated": 0
  },
  {
    "id": "953ad2b3-6f2e-42e3-98d2-9c11596ddf18",
    "data": [
      {
        "text": "Ты меня обидел",
        "userDefined": false
      }
    ],
    "isTemplate": false,
    "count": 1,
    "updated": 0
  },
  {
    "id": "f3d90e65-dbca-4382-bf7d-74a171403485",
    "data": [
      {
        "text": "Плохой бот",
        "userDefined": false
      }
    ],
    "isTemplate": false,
    "count": 1,
    "updated": 0
  },
  {
    "id": "56c4c184-3aba-4cc2-9612-f1d835a4649a",
    "data": [
      {
        "text": "Сам такой",
        "userDefined": false
      }
    ],
    "isTemplate": false,
    "count": 1,
    "updated": 0
  },
  {
    "id": "b8b4c865-39b5-4a29-a343-2ae8a6ec4fd9",
    "data": [
      {
        "text": "Ты ужасный",
        "userDefined": false
      }
    ],
    "isTemplate": false,
    "count": 2,
    "updated": 0
  },
  {
    "id": "82c5bd50-3d16-45d8-9ba8-b55fda267895",
    "data": [
      {
        "text": "Я тебе не говорила комплимент",
        "userDefined": false
      }
    ],
    "isTemplate": false,
    "count": 1,
    "updated": 0
  },
  {
    "id": "d28900cb-dc16-44f5-a09e-fb8ae4378cb1",
    "data": [
      {
        "text": "ты недоделанный",
        "userDefined": false
      }
    ],
    "isTemplate": false,
    "count": 0,
    "updated": 0
  },
  {
    "id": "6a4e617d-654d-464e-85a7-ae6795bf579a",
    "data": [
      {
        "text": "ты никчемный",
        "userDefined": false
      }
    ],
    "isTemplate": false,
    "count": 0,
    "updated": 0
  },
  {
    "id": "7094b2ef-b54a-4a8a-95ab-46f336379d4f",
    "data": [
      {
        "text": "ты недоделан",
        "userDefined": false
      }
    ],
    "isTemplate": false,
    "count": 0,
    "updated": 0
  },
  {
    "id": "6fea641f-2c0a-488b-863f-ab7bcc3a6401",
    "data": [
      {
        "text": "ничего хорошего из тебя не выйдет",
        "userDefined": false
      }
    ],
    "isTemplate": false,
    "count": 0,
    "updated": 0
  },
  {
    "id": "953f8ab1-3d92-4bfc-9bd4-8daa3c3ed435",
    "data": [
      {
        "text": "ты мне совсем не помогаешь",
        "userDefined": false
      }
    ],
    "isTemplate": false,
    "count": 0,
    "updated": 0
  },
  {
    "id": "52ef69a3-b4ee-47cd-b0b4-8497c74fce26",
    "data": [
      {
        "text": "ты отвратителен",
        "userDefined": false
      }
    ],
    "isTemplate": false,
    "count": 0,
    "updated": 0
  },
  {
    "id": "8dfb307f-2f98-4236-ba50-e6f6ba6b8323",
    "data": [
      {
        "text": "ты просто ужасна",
        "userDefined": false
      }
    ],
    "isTemplate": false,
    "count": 0,
    "updated": 0
  },
  {
    "id": "eb30e193-1675-48f0-92f5-6a98fc233e4a",
    "data": [
      {
        "text": "ты никудышная",
        "userDefined": false
      }
    ],
    "isTemplate": false,
    "count": 1,
    "updated": 0
  },
  {
    "id": "9ec593c8-7b27-4f03-b80f-1382acf29616",
    "data": [
      {
        "text": "ты абсолютно бесполезен",
        "userDefined": false
      }
    ],
    "isTemplate": false,
    "count": 0,
    "updated": 0
  },
  {
    "id": "5d5d6b9a-f8f4-4f46-a952-ce043a66bfbd",
    "data": [
      {
        "text": "ты ужасен",
        "userDefined": false
      }
    ],
    "isTemplate": false,
    "count": 0,
    "updated": 0
  },
  {
    "id": "ff611bd9-697c-41f2-b4b7-af0c9b4d97d6",
    "data": [
      {
        "text": "не стоит тратить на тебя время",
        "userDefined": false
      }
    ],
    "isTemplate": false,
    "count": 0,
    "updated": 0
  },
  {
    "id": "bab708d1-2bdf-44c2-b7bd-2a32727e7477",
    "data": [
      {
        "text": "ты просто потеря моего времени",
        "userDefined": false
      }
    ],
    "isTemplate": false,
    "count": 0,
    "updated": 0
  },
  {
    "id": "16fcf8f0-985f-424a-a12d-2349990d81b5",
    "data": [
      {
        "text": "ты не крут",
        "userDefined": false
      }
    ],
    "isTemplate": false,
    "count": 0,
    "updated": 0
  },
  {
    "id": "d13488f6-9710-45f3-985d-d463e1569f8c",
    "data": [
      {
        "text": "ты просто ужас",
        "userDefined": false
      }
    ],
    "isTemplate": false,
    "count": 1,
    "updated": 0
  },
  {
    "id": "29bed932-16a9-4f36-8257-77b6c276b00f",
    "data": [
      {
        "text": "никакой помощи от тебя",
        "userDefined": false
      }
    ],
    "isTemplate": false,
    "count": 0,
    "updated": 0
  },
  {
    "id": "72335f06-59d3-4cb3-84b4-105d03845bbd",
    "data": [
      {
        "text": "ты не очень",
        "userDefined": false
      }
    ],
    "isTemplate": false,
    "count": 0,
    "updated": 0
  },
  {
    "id": "1e669b35-b6e4-4f17-a5ae-9d81e3bf05df",
    "data": [
      {
        "text": "ты такая плохая",
        "userDefined": false
      }
    ],
    "isTemplate": false,
    "count": 0,
    "updated": 0
  },
  {
    "id": "2dd13839-2302-47e3-9bfc-e25f1a9d52e8",
    "data": [
      {
        "text": "ты плохая",
        "userDefined": false
      }
    ],
    "isTemplate": false,
    "count": 0,
    "updated": 0
  },
  {
    "id": "7dcf5172-c988-46a4-86cf-e62bfa1c5cb3",
    "data": [
      {
        "text": "ты не стоишь моего внимания",
        "userDefined": false
      }
    ],
    "isTemplate": false,
    "count": 0,
    "updated": 0
  },
  {
    "id": "230f0aad-c528-440a-8606-2d285bc49a82",
    "data": [
      {
        "text": "ты бесполезна",
        "userDefined": false
      }
    ],
    "isTemplate": false,
    "count": 1,
    "updated": 0
  },
  {
    "id": "bb73459d-7c67-43f9-8215-623b537d024d",
    "data": [
      {
        "text": "ты не хорош",
        "userDefined": false
      }
    ],
    "isTemplate": false,
    "count": 0,
    "updated": 0
  },
  {
    "id": "35790fa7-0cdf-4339-a14b-959c5d2894c4",
    "data": [
      {
        "text": "ты наихудшее что я видел",
        "userDefined": false
      }
    ],
    "isTemplate": false,
    "count": 1,
    "updated": 0
  },
  {
    "id": "a25d2e0e-4dc8-47e0-8f54-d7b2af64cd2b",
    "data": [
      {
        "text": "ты невероятно бесполезна",
        "userDefined": false
      }
    ],
    "isTemplate": false,
    "count": 0,
    "updated": 0
  },
  {
    "id": "441f6c91-21f0-478f-b00f-2a356a768bb6",
    "data": [
      {
        "text": "ты ужасная",
        "userDefined": false
      }
    ],
    "isTemplate": false,
    "count": 0,
    "updated": 0
  },
  {
    "id": "249c8bf2-24fe-45a7-9039-c9d1881bfd77",
    "data": [
      {
        "text": "ты плохой",
        "userDefined": false
      }
    ],
    "isTemplate": false,
    "count": 0,
    "updated": 0
  },
  {
    "id": "7046b3cc-dcb5-4471-92dc-0eec02e85d95",
    "data": [
      {
        "text": "ужасный ты",
        "userDefined": false
      }
    ],
    "isTemplate": false,
    "count": 0,
    "updated": 0
  },
  {
    "id": "df4dcca5-cc98-4b40-9543-84f97c901101",
    "data": [
      {
        "text": "ты самый плохой",
        "userDefined": false
      }
    ],
    "isTemplate": false,
    "count": 0,
    "updated": 0
  }
]