[
  {
    "id": "add26122-4258-465e-b9a3-729e6badf269",
    "data": [
      {
        "text": "Две по 0.5",
        "alias": "time-period",
        "meta": "@sys.time-period",
        "userDefined": false
      },
      {
        "text": " или ",
        "userDefined": false
      },
      {
        "text": "одна 0",
        "alias": "time",
        "meta": "@sys.time",
        "userDefined": false
      },
      {
        "text": ".7?",
        "userDefined": false
      }
    ],
    "isTemplate": false,
    "count": 0,
    "updated": 0
  },
  {
    "id": "d0f6c554-8326-47fd-ad27-c111efc6c6e5",
    "data": [
      {
        "text": "1",
        "alias": "number",
        "meta": "@sys.number",
        "userDefined": true
      }
    ],
    "isTemplate": false,
    "count": 3,
    "updated": 1550324526
  },
  {
    "id": "b94e789b-3017-4a85-9a0e-ab36a84abf4a",
    "data": [
      {
        "text": "три",
        "alias": "number",
        "meta": "@sys.number",
        "userDefined": false
      }
    ],
    "isTemplate": false,
    "count": 0,
    "updated": 0
  },
  {
    "id": "73eef41c-4b5d-4aec-8c8a-025f4891df79",
    "data": [
      {
        "text": "2",
        "alias": "number",
        "meta": "@sys.number",
        "userDefined": false
      }
    ],
    "isTemplate": false,
    "count": 0,
    "updated": 1550324526
  }
]