[
  {
    "id": "f4cac17e-ff40-4f40-ac07-532c2cf1080e",
    "data": [
      {
        "text": "я люблю тебя выходи за меня",
        "userDefined": false
      }
    ],
    "isTemplate": false,
    "count": 0,
    "updated": 0
  },
  {
    "id": "ba14bbfd-2567-4d78-8fa8-6f608148af9e",
    "data": [
      {
        "text": "будь моей женой",
        "userDefined": false
      }
    ],
    "isTemplate": false,
    "count": 0,
    "updated": 0
  },
  {
    "id": "c9aa57bb-d1c3-489b-b9a2-a65aaddb70b7",
    "data": [
      {
        "text": "стань моей женой",
        "userDefined": false
      }
    ],
    "isTemplate": false,
    "count": 0,
    "updated": 0
  },
  {
    "id": "082e4c1c-05f0-4a3c-b6ac-55ff8148e968",
    "data": [
      {
        "text": "хочешь выйти за меня",
        "userDefined": false
      }
    ],
    "isTemplate": false,
    "count": 1,
    "updated": 0
  },
  {
    "id": "fd189439-3e42-420f-850e-54f70a98c2d1",
    "data": [
      {
        "text": "нам следовало бы пожениться",
        "userDefined": false
      }
    ],
    "isTemplate": false,
    "count": 0,
    "updated": 0
  },
  {
    "id": "ca7a9323-c40f-4494-b78a-bbcc0083f582",
    "data": [
      {
        "text": "хочу на тебе жениться",
        "userDefined": false
      }
    ],
    "isTemplate": false,
    "count": 0,
    "updated": 0
  },
  {
    "id": "27a50334-34c7-45a0-862d-22ea28094d19",
    "data": [
      {
        "text": "женись на мне",
        "userDefined": false
      }
    ],
    "isTemplate": false,
    "count": 0,
    "updated": 0
  },
  {
    "id": "46fcb5a7-986c-4f3e-964f-411d2620a3aa",
    "data": [
      {
        "text": "давай поженимся",
        "userDefined": false
      }
    ],
    "isTemplate": false,
    "count": 0,
    "updated": 0
  },
  {
    "id": "1308e592-f3c0-4f2a-88be-013124d29645",
    "data": [
      {
        "text": "будь моим мужем",
        "userDefined": false
      }
    ],
    "isTemplate": false,
    "count": 1,
    "updated": 0
  },
  {
    "id": "d4c1d9d5-3945-4166-8553-aaad32ef84cf",
    "data": [
      {
        "text": "выходи за меня замуж",
        "userDefined": false
      }
    ],
    "isTemplate": false,
    "count": 0,
    "updated": 0
  }
]