[
  {
    "id": "7df5917a-488c-45fb-8183-d6744b681181",
    "data": [
      {
        "text": "ты тут",
        "userDefined": false
      }
    ],
    "isTemplate": false,
    "count": 4,
    "updated": 0
  },
  {
    "id": "9d0af65e-3440-4d6c-976b-af3b3f1b8427",
    "data": [
      {
        "text": "ты рядом правда",
        "userDefined": false
      }
    ],
    "isTemplate": false,
    "count": 0,
    "updated": 0
  },
  {
    "id": "c2bc393f-6cf2-4c32-a294-ff23fb1de63f",
    "data": [
      {
        "text": "ты тут всё ещё не так ли",
        "userDefined": false
      }
    ],
    "isTemplate": false,
    "count": 0,
    "updated": 0
  },
  {
    "id": "842817a8-e510-42ef-bec3-07326b18a4df",
    "data": [
      {
        "text": "ты здесь",
        "userDefined": false
      }
    ],
    "isTemplate": false,
    "count": 1,
    "updated": 0
  },
  {
    "id": "1806d229-82fc-4cda-bb9d-6bc655e37029",
    "data": [
      {
        "text": "ты до сих пор тут",
        "userDefined": false
      }
    ],
    "isTemplate": false,
    "count": 0,
    "updated": 0
  },
  {
    "id": "b0d9f2b8-8dce-4b04-b10e-9838b73287ba",
    "data": [
      {
        "text": "ты сейчас рядом",
        "userDefined": false
      }
    ],
    "isTemplate": false,
    "count": 0,
    "updated": 0
  },
  {
    "id": "77df473a-c3f5-4c59-9666-99028beea0f6",
    "data": [
      {
        "text": "ты всё ещё здесь",
        "userDefined": false
      }
    ],
    "isTemplate": false,
    "count": 0,
    "updated": 0
  }
]