[
  {
    "id": "05f81d41-492f-4206-8f00-ece9acdd4ede",
    "data": [
      {
        "text": "счастливчик",
        "userDefined": false
      }
    ],
    "isTemplate": false,
    "count": 0,
    "updated": 0
  },
  {
    "id": "ad70591e-fc43-4981-a761-18a4a0470c6a",
    "data": [
      {
        "text": "ты счастлив теперь",
        "userDefined": false
      }
    ],
    "isTemplate": false,
    "count": 1,
    "updated": 0
  },
  {
    "id": "27dfec8d-1459-44de-8852-d46a28535b7f",
    "data": [
      {
        "text": "ты очень счастливый",
        "userDefined": false
      }
    ],
    "isTemplate": false,
    "count": 0,
    "updated": 0
  },
  {
    "id": "6b5de0dc-65ca-4d4e-aa96-b5e37b2bffc2",
    "data": [
      {
        "text": "такой счастливый",
        "userDefined": false
      }
    ],
    "isTemplate": false,
    "count": 0,
    "updated": 0
  },
  {
    "id": "e331ed4a-da31-4ccb-8a20-721545b08be0",
    "data": [
      {
        "text": "ты счастлива со мной",
        "userDefined": false
      }
    ],
    "isTemplate": false,
    "count": 0,
    "updated": 0
  },
  {
    "id": "3cfb586b-0b94-4a17-a9e0-94ab6ee20c09",
    "data": [
      {
        "text": "ты невероятно счастлива",
        "userDefined": false
      }
    ],
    "isTemplate": false,
    "count": 0,
    "updated": 0
  },
  {
    "id": "14d2d685-553e-40f5-91aa-4c0cbe9c7204",
    "data": [
      {
        "text": "сегодня ты счастлива",
        "userDefined": false
      }
    ],
    "isTemplate": false,
    "count": 0,
    "updated": 0
  },
  {
    "id": "30ce5724-1f81-41e6-8281-1931e5d6b2f8",
    "data": [
      {
        "text": "ты действительно счастлив",
        "userDefined": false
      }
    ],
    "isTemplate": false,
    "count": 0,
    "updated": 0
  },
  {
    "id": "81823b4b-47cd-41ba-b70a-78cce831e106",
    "data": [
      {
        "text": "ты счастлив",
        "userDefined": false
      }
    ],
    "isTemplate": false,
    "count": 0,
    "updated": 0
  },
  {
    "id": "39b428f5-506e-403f-9057-4799be40c8fb",
    "data": [
      {
        "text": "теперь ты счастливая",
        "userDefined": false
      }
    ],
    "isTemplate": false,
    "count": 0,
    "updated": 0
  }
]