[
  {
    "id": "8848a9a9-b846-4bf0-9363-6a51787cb763",
    "data": [
      {
        "text": "help",
        "userDefined": false
      }
    ],
    "isTemplate": false,
    "count": 0,
    "updated": 0
  },
  {
    "id": "5023261b-a33d-4043-b030-e0ab231ec406",
    "data": [
      {
        "text": "Хелп ми",
        "userDefined": false
      }
    ],
    "isTemplate": false,
    "count": 11,
    "updated": 0
  },
  {
    "id": "421b17bf-94d5-48e9-b05a-30cd2ccd8612",
    "data": [
      {
        "text": "Ми-ми-ми",
        "userDefined": false
      }
    ],
    "isTemplate": false,
    "count": 1,
    "updated": 0
  },
  {
    "id": "c8f78ceb-5446-4798-89c9-74d7f43e0bc1",
    "data": [
      {
        "text": "Сделай кофе",
        "userDefined": false
      }
    ],
    "isTemplate": false,
    "count": 3,
    "updated": 0
  },
  {
    "id": "36acbc6e-41d8-4462-826a-3a1b328ce84f",
    "data": [
      {
        "text": "что ты можешь сделать?",
        "userDefined": false
      }
    ],
    "isTemplate": false,
    "count": 1,
    "updated": 0
  },
  {
    "id": "58ea298b-ccbd-43c3-8b3e-da21f8fe2d10",
    "data": [
      {
        "text": "можешь кое-что для меня сделать",
        "userDefined": false
      }
    ],
    "isTemplate": false,
    "count": 0,
    "updated": 0
  },
  {
    "id": "4af4c85a-e5fe-453b-88eb-c1250443cce8",
    "data": [
      {
        "text": "помощь",
        "userDefined": false
      }
    ],
    "isTemplate": false,
    "count": 0,
    "updated": 0
  },
  {
    "id": "ef8120ac-3339-4678-9691-d56ddb151c2f",
    "data": [
      {
        "text": "мне нужна твоя помощь",
        "userDefined": false
      }
    ],
    "isTemplate": false,
    "count": 0,
    "updated": 0
  },
  {
    "id": "356eca78-adc2-4d11-9288-666c0f8ac78c",
    "data": [
      {
        "text": "поможешь",
        "userDefined": false
      }
    ],
    "isTemplate": false,
    "count": 1,
    "updated": 0
  },
  {
    "id": "128f8516-3a72-4abe-bd48-b52b853f1c83",
    "data": [
      {
        "text": "ты можешь помочь",
        "userDefined": false
      }
    ],
    "isTemplate": false,
    "count": 0,
    "updated": 0
  },
  {
    "id": "e4c1145f-ab0d-4b52-b344-51ace6aaa7d2",
    "data": [
      {
        "text": "нуждаюсь в помощи",
        "userDefined": false
      }
    ],
    "isTemplate": false,
    "count": 0,
    "updated": 0
  },
  {
    "id": "8e157b57-ec46-4981-a9c6-7729208d920a",
    "data": [
      {
        "text": "ты нужна мне прямо сейчас",
        "userDefined": false
      }
    ],
    "isTemplate": false,
    "count": 0,
    "updated": 0
  },
  {
    "id": "73f502ef-ab35-4d2d-911a-e743862757f2",
    "data": [
      {
        "text": "ты мог бы помочь",
        "userDefined": false
      }
    ],
    "isTemplate": false,
    "count": 0,
    "updated": 0
  },
  {
    "id": "57ae5e8b-0819-4a0d-a332-4f9090dca44f",
    "data": [
      {
        "text": "можешь помочь мне кое с чем",
        "userDefined": false
      }
    ],
    "isTemplate": false,
    "count": 1,
    "updated": 0
  },
  {
    "id": "c5a13734-7b4f-4f96-855b-fd4b88b51a2a",
    "data": [
      {
        "text": "окажи мне поддержку",
        "userDefined": false
      }
    ],
    "isTemplate": false,
    "count": 0,
    "updated": 0
  },
  {
    "id": "97d43f2f-6587-4ffd-8e32-110fbf5c513b",
    "data": [
      {
        "text": "хочу чтобы ты помогла",
        "userDefined": false
      }
    ],
    "isTemplate": false,
    "count": 0,
    "updated": 0
  },
  {
    "id": "161571a2-53ea-4d72-9a0e-abe9efdf6857",
    "data": [
      {
        "text": "sos",
        "userDefined": false
      }
    ],
    "isTemplate": false,
    "count": 0,
    "updated": 0
  },
  {
    "id": "84c67a53-d91c-48cf-926a-207672ad3b01",
    "data": [
      {
        "text": "мог бы помочь",
        "userDefined": false
      }
    ],
    "isTemplate": false,
    "count": 0,
    "updated": 0
  },
  {
    "id": "822eecb9-87ca-40e2-b4b5-4cc7960cad3c",
    "data": [
      {
        "text": "протяни мне руку помощи",
        "userDefined": false
      }
    ],
    "isTemplate": false,
    "count": 0,
    "updated": 0
  },
  {
    "id": "b462d21d-90ee-4d6a-982e-277f7fecb9a6",
    "data": [
      {
        "text": "ты нужна мне",
        "userDefined": false
      }
    ],
    "isTemplate": false,
    "count": 2,
    "updated": 0
  },
  {
    "id": "6f08bf6d-fb9e-45ef-b1d6-b54befcd1223",
    "data": [
      {
        "text": "окажи мне помощь",
        "userDefined": false
      }
    ],
    "isTemplate": false,
    "count": 2,
    "updated": 0
  },
  {
    "id": "92e26780-16de-41ca-86d4-b4aa7c768331",
    "data": [
      {
        "text": "пожалуйста помоги",
        "userDefined": false
      }
    ],
    "isTemplate": false,
    "count": 0,
    "updated": 0
  },
  {
    "id": "a64c7f3f-e62f-4a1c-b9b8-8cf4e63e6009",
    "data": [
      {
        "text": "помоги нам",
        "userDefined": false
      }
    ],
    "isTemplate": false,
    "count": 1,
    "updated": 0
  },
  {
    "id": "b0786bb3-3942-445b-a53a-ce9f9eb6def0",
    "data": [
      {
        "text": "сделай мне одолжение",
        "userDefined": false
      }
    ],
    "isTemplate": false,
    "count": 0,
    "updated": 0
  },
  {
    "id": "22b9cf25-66ac-4d9d-8791-9f53707d8e7a",
    "data": [
      {
        "text": "можешь помочь",
        "userDefined": false
      }
    ],
    "isTemplate": false,
    "count": 0,
    "updated": 0
  },
  {
    "id": "e17ee795-1378-4533-a3b6-635e36a022ae",
    "data": [
      {
        "text": "помоги мне с проблемой",
        "userDefined": false
      }
    ],
    "isTemplate": false,
    "count": 0,
    "updated": 0
  },
  {
    "id": "4d68fbfa-3527-418a-a25c-3330f05b4a64",
    "data": [
      {
        "text": "поддержи меня",
        "userDefined": false
      }
    ],
    "isTemplate": false,
    "count": 1,
    "updated": 0
  },
  {
    "id": "3881826a-dc64-4947-875b-23ab6d5c3ff0",
    "data": [
      {
        "text": "просто помоги",
        "userDefined": false
      }
    ],
    "isTemplate": false,
    "count": 0,
    "updated": 0
  },
  {
    "id": "cc1f3159-8709-4c1a-9603-e93a5dcd11d6",
    "data": [
      {
        "text": "поможешь мне сейчас",
        "userDefined": false
      }
    ],
    "isTemplate": false,
    "count": 0,
    "updated": 0
  },
  {
    "id": "07893ccd-f64b-4beb-9dd0-634f0584fab1",
    "data": [
      {
        "text": "ты собираешься мне помочь",
        "userDefined": false
      }
    ],
    "isTemplate": false,
    "count": 0,
    "updated": 0
  },
  {
    "id": "8308aee9-3e10-4613-94c2-f2c1616a0cc2",
    "data": [
      {
        "text": "помоги мне",
        "userDefined": false
      }
    ],
    "isTemplate": false,
    "count": 1,
    "updated": 0
  },
  {
    "id": "27dd0957-e5f6-437a-9bfb-9302844970f6",
    "data": [
      {
        "text": "я нуждаюсь в твоей поддержке",
        "userDefined": false
      }
    ],
    "isTemplate": false,
    "count": 0,
    "updated": 0
  },
  {
    "id": "c82c8df6-2666-41cc-876f-2e1ddf97cabb",
    "data": [
      {
        "text": "можешь мне помочь",
        "userDefined": false
      }
    ],
    "isTemplate": false,
    "count": 1,
    "updated": 0
  },
  {
    "id": "80f0c3d3-1622-4641-908e-d72fe656ab50",
    "data": [
      {
        "text": "сможешь помочь",
        "userDefined": false
      }
    ],
    "isTemplate": false,
    "count": 0,
    "updated": 0
  },
  {
    "id": "f92e1ac1-3b9d-487f-912c-e17bdb727b28",
    "data": [
      {
        "text": "могла бы помочь мне с этим",
        "userDefined": false
      }
    ],
    "isTemplate": false,
    "count": 0,
    "updated": 0
  },
  {
    "id": "8a3883df-c908-44b4-8ca6-57ad9586e276",
    "data": [
      {
        "text": "помоги",
        "userDefined": false
      }
    ],
    "isTemplate": false,
    "count": 0,
    "updated": 0
  },
  {
    "id": "513dc573-85f0-4f1a-9135-1263d192054a",
    "data": [
      {
        "text": "нужна помощь",
        "userDefined": false
      }
    ],
    "isTemplate": false,
    "count": 1,
    "updated": 0
  }
]