[
  {
    "id": "73b8bb7e-c3d5-4f7c-b927-6952fbfe1896",
    "data": [
      {
        "text": "молодец",
        "userDefined": false
      }
    ],
    "isTemplate": false,
    "count": 2,
    "updated": 0
  },
  {
    "id": "f5a9a538-f624-43f3-aa73-bdf4915688a5",
    "data": [
      {
        "text": "прекрано сработано",
        "userDefined": false
      }
    ],
    "isTemplate": false,
    "count": 0,
    "updated": 0
  },
  {
    "id": "13a1c36f-8b7d-49c5-85a2-bf39da7a62aa",
    "data": [
      {
        "text": "молодчина",
        "userDefined": false
      }
    ],
    "isTemplate": false,
    "count": 0,
    "updated": 1550313912
  },
  {
    "id": "e8efc22a-3fbd-43a2-9ef2-bc29ccb1b362",
    "data": [
      {
        "text": "чудесная работа",
        "userDefined": false
      }
    ],
    "isTemplate": false,
    "count": 0,
    "updated": 0
  },
  {
    "id": "a02f729a-0fcd-4ad3-9869-38659336a592",
    "data": [
      {
        "text": "браво",
        "userDefined": false
      }
    ],
    "isTemplate": false,
    "count": 0,
    "updated": 0
  },
  {
    "id": "232e5235-b969-44d3-847b-dfb1db859901",
    "data": [
      {
        "text": "прекрасная работа",
        "userDefined": false
      }
    ],
    "isTemplate": false,
    "count": 0,
    "updated": 0
  },
  {
    "id": "eb80c989-fcab-4e75-ab1d-0ed110aee3e7",
    "data": [
      {
        "text": "хорошо сработано",
        "userDefined": false
      }
    ],
    "isTemplate": false,
    "count": 0,
    "updated": 0
  },
  {
    "id": "a96ff66f-602a-4642-aa14-14a653747cc7",
    "data": [
      {
        "text": "отличная работа",
        "userDefined": false
      }
    ],
    "isTemplate": false,
    "count": 0,
    "updated": 0
  },
  {
    "id": "8aed19fd-e5b1-4791-8bac-c286e2fbcf6d",
    "data": [
      {
        "text": "хорошая работа",
        "userDefined": false
      }
    ],
    "isTemplate": false,
    "count": 0,
    "updated": 0
  },
  {
    "id": "d16083f9-5174-426e-9ab9-e950360dde0e",
    "data": [
      {
        "text": "так держать",
        "userDefined": false
      }
    ],
    "isTemplate": false,
    "count": 0,
    "updated": 0
  }
]