[
  {
    "id": "1684a5ef-2a99-498b-9c24-f6da97e10658",
    "data": [
      {
        "text": "ахах",
        "userDefined": false
      }
    ],
    "isTemplate": false,
    "count": 15,
    "updated": 0
  },
  {
    "id": "2c6c3fe0-b30d-4379-8411-07c722ed9a90",
    "data": [
      {
        "text": "Гы гы лол",
        "userDefined": false
      }
    ],
    "isTemplate": false,
    "count": 1,
    "updated": 0
  },
  {
    "id": "0d6e80ad-c202-4045-8e57-bf32217795e1",
    "data": [
      {
        "text": "))",
        "userDefined": false
      }
    ],
    "isTemplate": false,
    "count": 11,
    "updated": 0
  },
  {
    "id": "bee0882e-a30f-460e-b173-9310334397f6",
    "data": [
      {
        "text": ")",
        "userDefined": false
      }
    ],
    "isTemplate": false,
    "count": 4,
    "updated": 0
  },
  {
    "id": "8ed35707-094d-4887-81b3-7cb29f6a4cc2",
    "data": [
      {
        "text": "ты меня рассмешил",
        "userDefined": false
      }
    ],
    "isTemplate": false,
    "count": 2,
    "updated": 0
  },
  {
    "id": "c43ad719-852a-48d2-ae76-95a31ef588c6",
    "data": [
      {
        "text": "lol",
        "userDefined": false
      }
    ],
    "isTemplate": false,
    "count": 0,
    "updated": 0
  },
  {
    "id": "6b5374db-c77a-4673-a0b4-2302ecca4e6e",
    "data": [
      {
        "text": "это смешно",
        "userDefined": false
      }
    ],
    "isTemplate": false,
    "count": 0,
    "updated": 0
  },
  {
    "id": "c034dfc6-f2ae-4437-a33f-d93b0e5ff80a",
    "data": [
      {
        "text": "смешно",
        "userDefined": false
      }
    ],
    "isTemplate": false,
    "count": 0,
    "updated": 0
  },
  {
    "id": "6c0c508c-bc01-4711-a808-723cadc1a668",
    "data": [
      {
        "text": "лол нет",
        "userDefined": false
      }
    ],
    "isTemplate": false,
    "count": 0,
    "updated": 0
  },
  {
    "id": "85adf848-8825-4e8a-bd71-5bdeeb038d63",
    "data": [
      {
        "text": "хаха",
        "userDefined": false
      }
    ],
    "isTemplate": false,
    "count": 0,
    "updated": 0
  },
  {
    "id": "017e0b5b-0e8d-457d-88eb-9a77b3fd823b",
    "data": [
      {
        "text": "ахаха лол",
        "userDefined": false
      }
    ],
    "isTemplate": false,
    "count": 0,
    "updated": 0
  },
  {
    "id": "91b1034d-5a74-4537-a552-adac8d259f61",
    "data": [
      {
        "text": "ха ха очень забавно",
        "userDefined": false
      }
    ],
    "isTemplate": false,
    "count": 1,
    "updated": 0
  },
  {
    "id": "6e13b6d7-0d2f-4118-8450-194e0b056f01",
    "data": [
      {
        "text": "хе хе",
        "userDefined": false
      }
    ],
    "isTemplate": false,
    "count": 1,
    "updated": 0
  },
  {
    "id": "5c24e949-0f15-4f28-be50-90a4a8042006",
    "data": [
      {
        "text": "очень смешно",
        "userDefined": false
      }
    ],
    "isTemplate": false,
    "count": 0,
    "updated": 0
  },
  {
    "id": "d475a7db-7ef3-495b-aedf-a18a7b170f2c",
    "data": [
      {
        "text": "ха",
        "userDefined": false
      }
    ],
    "isTemplate": false,
    "count": 1,
    "updated": 0
  },
  {
    "id": "d9f07ac3-a9a2-4279-9a9d-1263c71bba02",
    "data": [
      {
        "text": "хах",
        "userDefined": false
      }
    ],
    "isTemplate": false,
    "count": 0,
    "updated": 0
  },
  {
    "id": "6d846313-6514-4f8b-a231-b8efbf592218",
    "data": [
      {
        "text": "ахаха",
        "userDefined": false
      }
    ],
    "isTemplate": false,
    "count": 0,
    "updated": 0
  },
  {
    "id": "71626339-2baf-479c-82ff-bf50c5b0a9ba",
    "data": [
      {
        "text": "забавно",
        "userDefined": false
      }
    ],
    "isTemplate": false,
    "count": 1,
    "updated": 0
  },
  {
    "id": "2f912d35-664a-42d4-ad26-24f62dcbb4d9",
    "data": [
      {
        "text": "вот умора",
        "userDefined": false
      }
    ],
    "isTemplate": false,
    "count": 0,
    "updated": 0
  },
  {
    "id": "e6449ec1-ecca-45f1-a162-44a7cfe8f2c5",
    "data": [
      {
        "text": "ха ха ха",
        "userDefined": false
      }
    ],
    "isTemplate": false,
    "count": 0,
    "updated": 0
  },
  {
    "id": "dba5934a-a1c6-4cac-9cec-1fb5f2b6faa2",
    "data": [
      {
        "text": "хехехе",
        "userDefined": false
      }
    ],
    "isTemplate": false,
    "count": 0,
    "updated": 0
  },
  {
    "id": "51e09b86-050c-4a97-89a9-3b35d2501622",
    "data": [
      {
        "text": "лол",
        "userDefined": false
      }
    ],
    "isTemplate": false,
    "count": 0,
    "updated": 0
  }
]