[
  {
    "id": "592de2f3-ffdf-4cca-a69e-6694a351d94b",
    "data": [
      {
        "text": "надеюсь снова тебя увидеть",
        "userDefined": false
      }
    ],
    "isTemplate": false,
    "count": 0,
    "updated": 0
  },
  {
    "id": "d6f897ac-126d-4b33-92e2-92718fa8cfdf",
    "data": [
      {
        "text": "было бы здорово увидеть тебя снова",
        "userDefined": false
      }
    ],
    "isTemplate": false,
    "count": 0,
    "updated": 0
  },
  {
    "id": "6c1bc448-4251-4081-b84e-6fbf0348d8d1",
    "data": [
      {
        "text": "я была бы счастлива снова тебя увидеть",
        "userDefined": false
      }
    ],
    "isTemplate": false,
    "count": 0,
    "updated": 0
  },
  {
    "id": "fedba831-a2f3-41b9-ae7a-1f5f89ba2bca",
    "data": [
      {
        "text": "когда мы снова увидимся",
        "userDefined": false
      }
    ],
    "isTemplate": false,
    "count": 0,
    "updated": 0
  },
  {
    "id": "d52bbd06-bbf5-4dd8-85aa-352e169f47ea",
    "data": [
      {
        "text": "xочу увидеть тебя снова",
        "userDefined": false
      }
    ],
    "isTemplate": false,
    "count": 0,
    "updated": 0
  },
  {
    "id": "0361eb8a-9ac7-44df-953a-06af34edc63f",
    "data": [
      {
        "text": "могу ли я увидеть тебя снова",
        "userDefined": false
      }
    ],
    "isTemplate": false,
    "count": 0,
    "updated": 0
  },
  {
    "id": "9ee9cbf7-00c4-4bcd-8b45-518411004fb8",
    "data": [
      {
        "text": "было бы классно увидеться снова",
        "userDefined": false
      }
    ],
    "isTemplate": false,
    "count": 0,
    "updated": 0
  },
  {
    "id": "48f91253-8a72-4b80-af5c-2e5f1082ae66",
    "data": [
      {
        "text": "я буду скучать по тебе",
        "userDefined": false
      }
    ],
    "isTemplate": false,
    "count": 0,
    "updated": 0
  },
  {
    "id": "5a607746-3ab2-44f0-ae4f-c71db8b843cd",
    "data": [
      {
        "text": "когда увидимся",
        "userDefined": false
      }
    ],
    "isTemplate": false,
    "count": 0,
    "updated": 0
  }
]