[
  {
    "id": "ccd70857-13fb-4635-84f8-a2f70ca9f94e",
    "data": [
      {
        "text": "скажи",
        "meta": "@sys.ignore",
        "userDefined": false
      }
    ],
    "isTemplate": false,
    "count": 1,
    "updated": 0
  },
  {
    "id": "a480c2fb-2176-4a29-8d50-c6706fb8f10a",
    "data": [
      {
        "text": "ты бы могла поговорить со мной",
        "userDefined": false
      }
    ],
    "isTemplate": false,
    "count": 0,
    "updated": 0
  },
  {
    "id": "d1ad89bf-898e-4048-ba86-cd1f732f7698",
    "data": [
      {
        "text": "могла бы поговорить со мной",
        "userDefined": false
      }
    ],
    "isTemplate": false,
    "count": 0,
    "updated": 0
  },
  {
    "id": "8379874b-31dc-45ff-b7dc-2ac68c4b56e1",
    "data": [
      {
        "text": "пообщайся со мной",
        "userDefined": false
      }
    ],
    "isTemplate": false,
    "count": 0,
    "updated": 0
  },
  {
    "id": "218ace66-3826-456b-9d18-fffa0c6b9755",
    "data": [
      {
        "text": "говори",
        "meta": "@sys.ignore",
        "userDefined": false
      }
    ],
    "isTemplate": false,
    "count": 0,
    "updated": 0
  },
  {
    "id": "55ad7024-4d4c-4623-bd7d-cab48addc343",
    "data": [
      {
        "text": "хочешь со мной пообщаться",
        "userDefined": false
      }
    ],
    "isTemplate": false,
    "count": 0,
    "updated": 0
  },
  {
    "id": "f88d323c-f7bf-4654-9c66-d7f6757999fc",
    "data": [
      {
        "text": "скажи мне это",
        "userDefined": false
      }
    ],
    "isTemplate": false,
    "count": 0,
    "updated": 0
  },
  {
    "id": "bd7d7c57-1d85-49bb-ac8c-dd0f5d5235c1",
    "data": [
      {
        "text": "это ты мне говоришь",
        "userDefined": false
      }
    ],
    "isTemplate": false,
    "count": 0,
    "updated": 0
  },
  {
    "id": "7f16d750-08d8-4026-93e8-5f87682f0611",
    "data": [
      {
        "text": "поговори со мной",
        "userDefined": false
      }
    ],
    "isTemplate": false,
    "count": 0,
    "updated": 0
  },
  {
    "id": "16341871-b2da-4d73-a331-e13bef759cb4",
    "data": [
      {
        "text": "ты собираешься со мной разговаривать",
        "userDefined": false
      }
    ],
    "isTemplate": false,
    "count": 0,
    "updated": 0
  },
  {
    "id": "6e1c2282-bae5-4a13-96e2-2f72a0ecf40f",
    "data": [
      {
        "text": "можешь пообщаться со мной",
        "userDefined": false
      }
    ],
    "isTemplate": false,
    "count": 0,
    "updated": 0
  },
  {
    "id": "8f99cb90-41c6-4bf2-b22f-23524cda3b51",
    "data": [
      {
        "text": "просто поговори со мной",
        "userDefined": false
      }
    ],
    "isTemplate": false,
    "count": 0,
    "updated": 0
  },
  {
    "id": "92b1f413-f2e0-49a6-bf8b-60837d97e57c",
    "data": [
      {
        "text": "поговори",
        "userDefined": false
      }
    ],
    "isTemplate": false,
    "count": 0,
    "updated": 0
  },
  {
    "id": "a3a83e01-780b-4f46-998c-587674f69008",
    "data": [
      {
        "text": "мог бы мне рассказать",
        "userDefined": false
      }
    ],
    "isTemplate": false,
    "count": 0,
    "updated": 0
  },
  {
    "id": "13e1c8b4-82cb-4053-8dfe-72c433d7f084",
    "data": [
      {
        "text": "поговоришь со мной",
        "userDefined": false
      }
    ],
    "isTemplate": false,
    "count": 0,
    "updated": 0
  },
  {
    "id": "8d28537d-ac13-433d-9550-2a7774616ac3",
    "data": [
      {
        "text": "почему бы нам не пообщаться",
        "userDefined": false
      }
    ],
    "isTemplate": false,
    "count": 0,
    "updated": 0
  },
  {
    "id": "df8103d1-6630-463f-aab1-23972bf951fe",
    "data": [
      {
        "text": "почему ты не разговариваешь со мной",
        "userDefined": false
      }
    ],
    "isTemplate": false,
    "count": 0,
    "updated": 0
  },
  {
    "id": "3adb9834-4af3-4707-b816-b8488f0533c3",
    "data": [
      {
        "text": "можешь поговорить со мной",
        "userDefined": false
      }
    ],
    "isTemplate": false,
    "count": 0,
    "updated": 0
  },
  {
    "id": "f1ab6c4d-ae52-4960-a381-7e254e5b1f7d",
    "data": [
      {
        "text": "ты мог бы со мной пообщаться",
        "userDefined": false
      }
    ],
    "isTemplate": false,
    "count": 0,
    "updated": 0
  }
]