[
  {
    "id": "d8dda7bb-b84c-4d18-a0a9-5e5c3d3c124b",
    "data": [
      {
        "text": "А хуйлуша можно?",
        "userDefined": false
      }
    ],
    "isTemplate": false,
    "count": 0,
    "updated": 0
  },
  {
    "id": "ec842c47-c095-481f-82f0-477708095b38",
    "data": [
      {
        "text": "Пизда",
        "userDefined": false
      }
    ],
    "isTemplate": false,
    "count": 0,
    "updated": 0
  },
  {
    "id": "3f97bd2c-5c81-496f-8247-2d65af9b93c2",
    "data": [
      {
        "text": "Ты пиздец тупой",
        "userDefined": false
      }
    ],
    "isTemplate": false,
    "count": 0,
    "updated": 0
  },
  {
    "id": "631d81a4-a4c8-4aab-96a1-f526d6e85ac8",
    "data": [
      {
        "text": "Зависть.",
        "userDefined": false
      }
    ],
    "isTemplate": false,
    "count": 0,
    "updated": 0
  },
  {
    "id": "c2534e32-1746-41eb-9144-1055209cb514",
    "data": [
      {
        "text": "хуй",
        "userDefined": false
      }
    ],
    "isTemplate": false,
    "count": 5,
    "updated": 0
  },
  {
    "id": "cd54502e-6644-49cd-bfa7-4a8105597084",
    "data": [
      {
        "text": "Ты ебанашка",
        "userDefined": false
      }
    ],
    "isTemplate": false,
    "count": 0,
    "updated": 0
  },
  {
    "id": "4997886d-269a-412d-9a6d-d0cb8864bc2f",
    "data": [
      {
        "text": "Пиздец",
        "userDefined": false
      }
    ],
    "isTemplate": false,
    "count": 0,
    "updated": 0
  },
  {
    "id": "95de6c6a-9411-41f7-a43e-bd87107c8d98",
    "data": [
      {
        "text": "В пизде!",
        "userDefined": false
      }
    ],
    "isTemplate": false,
    "count": 0,
    "updated": 0
  },
  {
    "id": "dae70d76-71f7-4686-a1fd-663e9280727a",
    "data": [
      {
        "text": "Клитор",
        "userDefined": false
      }
    ],
    "isTemplate": false,
    "count": 0,
    "updated": 0
  },
  {
    "id": "9848c9f2-a386-420d-87c0-4ac964dc4e77",
    "data": [
      {
        "text": "о ебучем бутерброду",
        "userDefined": false
      }
    ],
    "isTemplate": false,
    "count": 1,
    "updated": 0
  },
  {
    "id": "4713be70-b8c6-4431-a4ba-6d64bc752bf1",
    "data": [
      {
        "text": "Кто кто . Хуй в пальто",
        "userDefined": false
      }
    ],
    "isTemplate": false,
    "count": 1,
    "updated": 0
  },
  {
    "id": "f59bbb5a-6f2c-4ca1-a06c-26d4fd33ebe4",
    "data": [
      {
        "text": "Херня",
        "userDefined": false
      }
    ],
    "isTemplate": false,
    "count": 1,
    "updated": 0
  },
  {
    "id": "ca1ed423-9016-4126-9f16-ab64762a89e7",
    "data": [
      {
        "text": "Я тут клитором командую",
        "userDefined": false
      }
    ],
    "isTemplate": false,
    "count": 2,
    "updated": 0
  },
  {
    "id": "e46b74f0-f14b-4f0e-99c7-d50724e891c8",
    "data": [
      {
        "text": "ты командуешь клитором?",
        "userDefined": false
      }
    ],
    "isTemplate": false,
    "count": 1,
    "updated": 0
  },
  {
    "id": "4ecce669-c372-4b02-a49f-4b0a77c4355d",
    "data": [
      {
        "text": "убей",
        "userDefined": false
      }
    ],
    "isTemplate": false,
    "count": 0,
    "updated": 0
  },
  {
    "id": "f891d491-b31b-408a-bc3f-ca6a560b080a",
    "data": [
      {
        "text": "Бля",
        "userDefined": false
      }
    ],
    "isTemplate": false,
    "count": 7,
    "updated": 0
  },
  {
    "id": "40d98bfe-96be-4bc8-a2c0-073cd99ac412",
    "data": [
      {
        "text": "блєт",
        "userDefined": false
      }
    ],
    "isTemplate": false,
    "count": 0,
    "updated": 0
  },
  {
    "id": "efd300be-054e-4f87-a2ff-295bc53f0aa3",
    "data": [
      {
        "text": "шє не вмерла",
        "userDefined": false
      }
    ],
    "isTemplate": false,
    "count": 0,
    "updated": 0
  },
  {
    "id": "154d3f23-f764-4890-ac2c-bbd0b729e293",
    "data": [
      {
        "text": "вобла-ебла",
        "userDefined": false
      }
    ],
    "isTemplate": false,
    "count": 0,
    "updated": 0
  },
  {
    "id": "b213794b-071a-41d8-84fe-7809e1ad964e",
    "data": [
      {
        "text": "Мы ебали медведя",
        "userDefined": false
      }
    ],
    "isTemplate": false,
    "count": 0,
    "updated": 0
  },
  {
    "id": "6c8e1cfe-1493-4d70-b5da-5cf17c08a4b9",
    "data": [
      {
        "text": "Убейся об стену",
        "userDefined": false
      }
    ],
    "isTemplate": false,
    "count": 1,
    "updated": 0
  },
  {
    "id": "a17e0ea7-d1cf-4121-a0c4-5b82d9000fbb",
    "data": [
      {
        "text": "чмо",
        "userDefined": false
      }
    ],
    "isTemplate": false,
    "count": 1,
    "updated": 0
  },
  {
    "id": "cc05d269-6529-4b46-8e30-768011a4cb45",
    "data": [
      {
        "text": "педрила",
        "userDefined": false
      }
    ],
    "isTemplate": false,
    "count": 1,
    "updated": 0
  },
  {
    "id": "8d4d19de-f33e-4fc4-ac33-cc96f04d6466",
    "data": [
      {
        "text": "блять",
        "userDefined": false
      }
    ],
    "isTemplate": false,
    "count": 1,
    "updated": 0
  },
  {
    "id": "18e6871d-c6db-4ca5-85c8-5b0cd352835d",
    "data": [
      {
        "text": "лошара",
        "userDefined": false
      }
    ],
    "isTemplate": false,
    "count": 2,
    "updated": 0
  },
  {
    "id": "983671a4-719f-4a8d-a519-59f51e695897",
    "data": [
      {
        "text": "лох",
        "meta": "@sys.ignore",
        "userDefined": false
      }
    ],
    "isTemplate": false,
    "count": 5,
    "updated": 0
  },
  {
    "id": "dac6fb6d-3d8e-4509-ab9c-1dbe207b964d",
    "data": [
      {
        "text": "Ты засранец",
        "userDefined": false
      }
    ],
    "isTemplate": false,
    "count": 1,
    "updated": 0
  }
]