[
  {
    "id": "0f0964ef-eece-4a6a-8c7f-5af4b734bc97",
    "data": [
      {
        "text": "смешно сказано",
        "userDefined": false
      }
    ],
    "isTemplate": false,
    "count": 0,
    "updated": 0
  },
  {
    "id": "ad0a9069-0e70-4069-8c6b-3c8b94a92aa0",
    "data": [
      {
        "text": "забавно сказано",
        "userDefined": false
      }
    ],
    "isTemplate": false,
    "count": 0,
    "updated": 0
  },
  {
    "id": "fecc070e-85b9-4cd4-bf11-2a73e72a5c90",
    "data": [
      {
        "text": "ты такая смешная",
        "userDefined": false
      }
    ],
    "isTemplate": false,
    "count": 0,
    "updated": 0
  },
  {
    "id": "a8b22f29-86ab-45ac-b3ed-a58f7ffe3b54",
    "data": [
      {
        "text": "рассмешил меня",
        "userDefined": false
      }
    ],
    "isTemplate": false,
    "count": 0,
    "updated": 0
  },
  {
    "id": "9fa187dd-f31a-46b1-8edd-979fd10f7cba",
    "data": [
      {
        "text": "ты самый смешной",
        "userDefined": false
      }
    ],
    "isTemplate": false,
    "count": 2,
    "updated": 0
  },
  {
    "id": "3af9c878-2ae5-4eaa-bd3b-dc448246cd03",
    "data": [
      {
        "text": "ты очень забавный бот",
        "userDefined": false
      }
    ],
    "isTemplate": false,
    "count": 0,
    "updated": 0
  },
  {
    "id": "b0cc6930-e571-48ae-8219-0e4a365026c7",
    "data": [
      {
        "text": "ты меня смешишь",
        "userDefined": false
      }
    ],
    "isTemplate": false,
    "count": 0,
    "updated": 0
  },
  {
    "id": "02ea357e-b091-4be9-a7d6-886797307d27",
    "data": [
      {
        "text": "невероятно смешной",
        "userDefined": false
      }
    ],
    "isTemplate": false,
    "count": 0,
    "updated": 0
  },
  {
    "id": "0779dba0-9391-46a4-8dc7-c4b1fe517716",
    "data": [
      {
        "text": "ты смешной",
        "userDefined": false
      }
    ],
    "isTemplate": false,
    "count": 0,
    "updated": 0
  },
  {
    "id": "f1cedc0d-a691-4edd-b582-af51b64dd51a",
    "data": [
      {
        "text": "ты очень смешной бот",
        "userDefined": false
      }
    ],
    "isTemplate": false,
    "count": 1,
    "updated": 0
  },
  {
    "id": "136be701-1874-43f6-a6ab-6d8af80c295a",
    "data": [
      {
        "text": "ты забавная",
        "userDefined": false
      }
    ],
    "isTemplate": false,
    "count": 0,
    "updated": 0
  },
  {
    "id": "7749cfaa-2d9e-44d1-9f82-fd98f4dea8ea",
    "data": [
      {
        "text": "я так много смеюсь с тобой",
        "userDefined": false
      }
    ],
    "isTemplate": false,
    "count": 0,
    "updated": 0
  },
  {
    "id": "4eb31404-cc5e-4170-84a5-b4cbbf8474c1",
    "data": [
      {
        "text": "ты забавный",
        "userDefined": false
      }
    ],
    "isTemplate": false,
    "count": 0,
    "updated": 0
  },
  {
    "id": "919f643e-4376-4e76-8535-ae94ceef8a71",
    "data": [
      {
        "text": "ты весёлая",
        "userDefined": false
      }
    ],
    "isTemplate": false,
    "count": 0,
    "updated": 0
  },
  {
    "id": "f7e16be2-9035-4ed2-900c-23e4646ddf4a",
    "data": [
      {
        "text": "ты действительно смешная",
        "userDefined": false
      }
    ],
    "isTemplate": false,
    "count": 0,
    "updated": 0
  },
  {
    "id": "1ccd81d1-d2a6-4a9a-9994-3b6e7bafef62",
    "data": [
      {
        "text": "это было смешно",
        "userDefined": false
      }
    ],
    "isTemplate": false,
    "count": 0,
    "updated": 0
  },
  {
    "id": "8c0835ca-1108-4a90-b949-877a6b268d2c",
    "data": [
      {
        "text": "ты прикольный",
        "userDefined": false
      }
    ],
    "isTemplate": false,
    "count": 0,
    "updated": 0
  },
  {
    "id": "8f43cde1-e1e7-4962-8bb3-4a9c0a48415e",
    "data": [
      {
        "text": "ты такой весёлый",
        "userDefined": false
      }
    ],
    "isTemplate": false,
    "count": 0,
    "updated": 0
  },
  {
    "id": "5a421aab-7462-42d4-9b9f-97fda0b04faf",
    "data": [
      {
        "text": "забавный",
        "userDefined": false
      }
    ],
    "isTemplate": false,
    "count": 0,
    "updated": 0
  },
  {
    "id": "c77ba525-80f7-4996-b4f6-3e974a792ab8",
    "data": [
      {
        "text": "а ты весёлая",
        "userDefined": false
      }
    ],
    "isTemplate": false,
    "count": 0,
    "updated": 0
  }
]