[
  {
    "id": "488c9c56-de2b-4153-9e07-f95c9719a89f",
    "data": [
      {
        "text": "Каким органом слушают женщины?",
        "userDefined": false
      }
    ],
    "isTemplate": false,
    "count": 1,
    "updated": 0
  },
  {
    "id": "815c312d-ed92-4131-a209-407bc52873db",
    "data": [
      {
        "text": "раскажи шутку",
        "userDefined": false
      }
    ],
    "isTemplate": false,
    "count": 0,
    "updated": 0
  },
  {
    "id": "fb1e65d1-c30f-42fb-85bb-148453b2f991",
    "data": [
      {
        "text": "расскажи анекдот",
        "userDefined": false
      }
    ],
    "isTemplate": false,
    "count": 5,
    "updated": 0
  },
  {
    "id": "49bc688c-644b-4d32-aabe-aff2c4ebe3ba",
    "data": [
      {
        "text": "развесели меня",
        "userDefined": false
      }
    ],
    "isTemplate": false,
    "count": 0,
    "updated": 0
  },
  {
    "id": "424f0347-7380-48b4-b325-672b32b347a9",
    "data": [
      {
        "text": "шутки шутишь?",
        "userDefined": false
      }
    ],
    "isTemplate": false,
    "count": 0,
    "updated": 0
  },
  {
    "id": "5d1f0156-6b2b-4623-af27-a82ed6882508",
    "data": [
      {
        "text": "пошути",
        "userDefined": false
      }
    ],
    "isTemplate": false,
    "count": 1,
    "updated": 1550173026
  },
  {
    "id": "b9068fcd-9aac-4a72-a36b-9767eee1f825",
    "data": [
      {
        "text": "анекдот",
        "userDefined": false
      }
    ],
    "isTemplate": false,
    "count": 4,
    "updated": 0
  },
  {
    "id": "2f3cb7d3-0dd2-4d65-942d-4bdf731a42fd",
    "data": [
      {
        "text": "и всё",
        "userDefined": false
      }
    ],
    "isTemplate": false,
    "count": 1,
    "updated": 1550174460
  }
]