[
  {
    "id": "6f162318-a2af-452e-9593-d66e8a539c0b",
    "data": [
      {
        "text": "Бывает",
        "userDefined": false
      }
    ],
    "isTemplate": false,
    "count": 6,
    "updated": 0
  },
  {
    "id": "3b50c48b-2b52-4e68-817c-513e2c308c1c",
    "data": [
      {
        "text": "У меня не очень хорошо",
        "userDefined": false
      }
    ],
    "isTemplate": false,
    "count": 4,
    "updated": 0
  },
  {
    "id": "9ed5ecde-fa1e-4d9f-8d42-4ec3ed84df97",
    "data": [
      {
        "text": "Настроения нет",
        "userDefined": false
      }
    ],
    "isTemplate": false,
    "count": 2,
    "updated": 0
  },
  {
    "id": "9983b306-0918-46c4-abb2-2093eeecb301",
    "data": [
      {
        "text": "плохо",
        "userDefined": false
      }
    ],
    "isTemplate": false,
    "count": 2,
    "updated": 1529616530
  },
  {
    "id": "bb01ffcc-f3db-460f-8fac-585fbfdfef3d",
    "data": [
      {
        "text": "крайне отвратительно",
        "userDefined": false
      }
    ],
    "isTemplate": false,
    "count": 0,
    "updated": 1529616530
  },
  {
    "id": "3ae56c69-2340-4682-8d0a-03e7f32cf79f",
    "data": [
      {
        "text": "да уж плохо",
        "userDefined": false
      }
    ],
    "isTemplate": false,
    "count": 0,
    "updated": 1529616530
  },
  {
    "id": "126d7b49-c2e9-43fa-bc77-802dfd22165c",
    "data": [
      {
        "text": "ужас",
        "userDefined": false
      }
    ],
    "isTemplate": false,
    "count": 0,
    "updated": 1529616530
  },
  {
    "id": "ccfbbb54-b858-47a3-a9b5-6d7b93bf7477",
    "data": [
      {
        "text": "так ужасно",
        "userDefined": false
      }
    ],
    "isTemplate": false,
    "count": 0,
    "updated": 1529616530
  },
  {
    "id": "e4126fdc-9fd9-4e1d-bf2d-18dee93eb923",
    "data": [
      {
        "text": "плохой ответ",
        "userDefined": false
      }
    ],
    "isTemplate": false,
    "count": 0,
    "updated": 1529616530
  },
  {
    "id": "4f594b40-ec2e-41b4-a12f-cdcf89d8825f",
    "data": [
      {
        "text": "очень плохо",
        "userDefined": false
      }
    ],
    "isTemplate": false,
    "count": 0,
    "updated": 1529616530
  },
  {
    "id": "435c7982-4224-4053-abcd-2cf3ae9e3286",
    "data": [
      {
        "text": "невероятно плохо",
        "userDefined": false
      }
    ],
    "isTemplate": false,
    "count": 0,
    "updated": 1529616530
  },
  {
    "id": "41505493-0486-4827-8248-1127bcd4137b",
    "data": [
      {
        "text": "безобразно",
        "userDefined": false
      }
    ],
    "isTemplate": false,
    "count": 0,
    "updated": 1529616530
  },
  {
    "id": "6fd040f9-ad50-4d1e-8744-8c2cc9b5febe",
    "data": [
      {
        "text": "боюсь это не так",
        "userDefined": false
      }
    ],
    "isTemplate": false,
    "count": 0,
    "updated": 1529616530
  },
  {
    "id": "c18a6b0d-3050-443e-802d-7b3b53f05611",
    "data": [
      {
        "text": "отвратительно",
        "userDefined": false
      }
    ],
    "isTemplate": false,
    "count": 0,
    "updated": 1529616530
  },
  {
    "id": "e7678b64-b721-43d5-9eb9-0090e1f0a2c5",
    "data": [
      {
        "text": "недостаточно хорошо",
        "userDefined": false
      }
    ],
    "isTemplate": false,
    "count": 0,
    "updated": 1529616530
  },
  {
    "id": "fa9f7cf3-92b6-472c-9f31-0f3db3ce3c35",
    "data": [
      {
        "text": "плохо очень плохо",
        "userDefined": false
      }
    ],
    "isTemplate": false,
    "count": 0,
    "updated": 1529616530
  },
  {
    "id": "9dabdcee-9a01-41bc-9881-fe99b76ef7cd",
    "data": [
      {
        "text": "ужасно",
        "userDefined": false
      }
    ],
    "isTemplate": false,
    "count": 0,
    "updated": 1529616530
  },
  {
    "id": "4f0e9c3f-8ff9-4c6d-a921-32325369b748",
    "data": [
      {
        "text": "было ужасно",
        "userDefined": false
      }
    ],
    "isTemplate": false,
    "count": 0,
    "updated": 1529616530
  },
  {
    "id": "0f271403-9703-4108-a515-2dace3927d08",
    "data": [
      {
        "text": "ничего хорошего",
        "userDefined": false
      }
    ],
    "isTemplate": false,
    "count": 0,
    "updated": 1529616530
  },
  {
    "id": "dd2d2af1-842b-460a-8cfd-22cd16b2ec42",
    "data": [
      {
        "text": "это было ужасно плохо",
        "userDefined": false
      }
    ],
    "isTemplate": false,
    "count": 0,
    "updated": 1529616530
  },
  {
    "id": "88a26765-18da-4c68-a166-2b2b3d26d77a",
    "data": [
      {
        "text": "недостаточно хороший",
        "userDefined": false
      }
    ],
    "isTemplate": false,
    "count": 0,
    "updated": 1529616530
  },
  {
    "id": "257394f9-d640-4ced-96a1-0d86059bcf2d",
    "data": [
      {
        "text": "слишком плохо",
        "userDefined": false
      }
    ],
    "isTemplate": false,
    "count": 0,
    "updated": 1529616530
  },
  {
    "id": "53cf11f4-ba4f-40a2-92d5-cf77bcf7b20f",
    "data": [
      {
        "text": "неубедительно",
        "userDefined": false
      }
    ],
    "isTemplate": false,
    "count": 0,
    "updated": 1529616530
  },
  {
    "id": "7b5ea2f3-397d-4190-9f7d-fe2fae6f4864",
    "data": [
      {
        "text": "ужасная идея",
        "userDefined": false
      }
    ],
    "isTemplate": false,
    "count": 0,
    "updated": 1529616530
  },
  {
    "id": "2cb64630-a8e2-4059-b24c-7094681100df",
    "data": [
      {
        "text": "довольно-таки плохо",
        "userDefined": false
      }
    ],
    "isTemplate": false,
    "count": 0,
    "updated": 1529616530
  },
  {
    "id": "8807d69d-87d9-4ed9-8263-412bb544e540",
    "data": [
      {
        "text": "так жутко",
        "userDefined": false
      }
    ],
    "isTemplate": false,
    "count": 0,
    "updated": 1529616530
  },
  {
    "id": "b7b24cae-e1ee-40a8-8db6-56f419c18cad",
    "data": [
      {
        "text": "ужаснее не бывает",
        "userDefined": false
      }
    ],
    "isTemplate": false,
    "count": 0,
    "updated": 1529616530
  },
  {
    "id": "2d634b6b-2235-464c-821d-c0e2df7b51fc",
    "data": [
      {
        "text": "ну очень плохо",
        "userDefined": false
      }
    ],
    "isTemplate": false,
    "count": 0,
    "updated": 1529616530
  },
  {
    "id": "e5d620c7-99cd-47b1-b731-3df8197e3ac7",
    "data": [
      {
        "text": "так плохо",
        "userDefined": false
      }
    ],
    "isTemplate": false,
    "count": 0,
    "updated": 1529616530
  },
  {
    "id": "86eb9e29-9b48-4b56-b727-9bffc22e653b",
    "data": [
      {
        "text": "это плохо",
        "userDefined": false
      }
    ],
    "isTemplate": false,
    "count": 0,
    "updated": 1529616530
  },
  {
    "id": "0efb4051-1aa2-40fd-9125-732fe638c79c",
    "data": [
      {
        "text": "крайне плохо",
        "userDefined": false
      }
    ],
    "isTemplate": false,
    "count": 0,
    "updated": 1529616530
  },
  {
    "id": "3af50a5d-a458-453a-9569-887dabc41b53",
    "data": [
      {
        "text": "действительно ужасно",
        "userDefined": false
      }
    ],
    "isTemplate": false,
    "count": 0,
    "updated": 1529616530
  },
  {
    "id": "ee5a4b45-55cb-401d-a254-251198f1ef3b",
    "data": [
      {
        "text": "это была плохая идея",
        "userDefined": false
      }
    ],
    "isTemplate": false,
    "count": 0,
    "updated": 1529616530
  },
  {
    "id": "ab9067e9-221f-488c-9437-36de436f84d5",
    "data": [
      {
        "text": "это было плохо",
        "userDefined": false
      }
    ],
    "isTemplate": false,
    "count": 1,
    "updated": 1529616530
  }
]