[
  {
    "id": "bc5e2814-eb14-45d9-8cc2-07ab13a40bf5",
    "data": [
      {
        "text": "Ты мой герой",
        "userDefined": false
      }
    ],
    "isTemplate": false,
    "count": 0,
    "updated": 0
  },
  {
    "id": "bbd129db-760e-4639-af3f-7e2eebb0eb40",
    "data": [
      {
        "text": "мы ведь друзья",
        "userDefined": false
      }
    ],
    "isTemplate": false,
    "count": 1,
    "updated": 0
  },
  {
    "id": "903048a2-bf54-41fb-ae45-0945715f6423",
    "data": [
      {
        "text": "ты мой друг",
        "userDefined": false
      }
    ],
    "isTemplate": false,
    "count": 0,
    "updated": 0
  },
  {
    "id": "7b4d57ff-936f-4d4a-83f8-62a2473efa3d",
    "data": [
      {
        "text": "ты мой хороший друг",
        "userDefined": false
      }
    ],
    "isTemplate": false,
    "count": 0,
    "updated": 0
  },
  {
    "id": "dbf8576e-49dd-49c4-a91b-2dd92ed1aaaa",
    "data": [
      {
        "text": "ты стал бы дружить со мной",
        "userDefined": false
      }
    ],
    "isTemplate": false,
    "count": 0,
    "updated": 0
  },
  {
    "id": "00b80d64-13ee-4a14-81a8-f6c3a78aed49",
    "data": [
      {
        "text": "ты мой друг детства",
        "userDefined": false
      }
    ],
    "isTemplate": false,
    "count": 0,
    "updated": 0
  },
  {
    "id": "1d08ba92-5c6e-4c4d-aab7-9bb369dfb87b",
    "data": [
      {
        "text": "хочу друга как ты",
        "userDefined": false
      }
    ],
    "isTemplate": false,
    "count": 0,
    "updated": 0
  },
  {
    "id": "f69b8792-3b0e-41eb-805e-cde46ec2287e",
    "data": [
      {
        "text": "мы ведь ещё друзья",
        "userDefined": false
      }
    ],
    "isTemplate": false,
    "count": 0,
    "updated": 0
  },
  {
    "id": "640d64e4-fd74-4f8e-9d2a-87836af69547",
    "data": [
      {
        "text": "я твой друг",
        "userDefined": false
      }
    ],
    "isTemplate": false,
    "count": 0,
    "updated": 0
  },
  {
    "id": "61892ad9-b140-4d03-a24e-4447b20f2064",
    "data": [
      {
        "text": "ты и я теперь друзья",
        "userDefined": false
      }
    ],
    "isTemplate": false,
    "count": 2,
    "updated": 0
  },
  {
    "id": "c98cefa2-48f5-4001-a1a7-81a76d21dc2e",
    "data": [
      {
        "text": "будешь моей подругой",
        "userDefined": false
      }
    ],
    "isTemplate": false,
    "count": 0,
    "updated": 0
  },
  {
    "id": "e567f6f4-72a3-40c9-b22e-bde4e7dbf93c",
    "data": [
      {
        "text": "будешь моим другом",
        "userDefined": false
      }
    ],
    "isTemplate": false,
    "count": 1,
    "updated": 0
  },
  {
    "id": "6026a498-5e99-42fb-b805-bd7a8e4ac1db",
    "data": [
      {
        "text": "ты дорогой мне друг",
        "userDefined": false
      }
    ],
    "isTemplate": false,
    "count": 0,
    "updated": 0
  },
  {
    "id": "d7765b03-365e-4831-b6a5-cab9f47b25db",
    "data": [
      {
        "text": "будешь моим лучшим другом",
        "userDefined": false
      }
    ],
    "isTemplate": false,
    "count": 0,
    "updated": 0
  },
  {
    "id": "ca78e3c0-ad0c-472a-b56b-3cf7914fbc04",
    "data": [
      {
        "text": "ты мой лучший друг",
        "userDefined": false
      }
    ],
    "isTemplate": false,
    "count": 0,
    "updated": 0
  },
  {
    "id": "f4489f3c-b46c-4b69-a28b-a1e0d4741260",
    "data": [
      {
        "text": "стала бы моей лучшей подругой",
        "userDefined": false
      }
    ],
    "isTemplate": false,
    "count": 0,
    "updated": 0
  },
  {
    "id": "8b1fa0ae-3c67-474e-ac3e-6b0a0f37d777",
    "data": [
      {
        "text": "ты мой единственный друг",
        "userDefined": false
      }
    ],
    "isTemplate": false,
    "count": 0,
    "updated": 0
  },
  {
    "id": "99d8237e-327e-4b72-bfb6-93ae5ffb1dcb",
    "data": [
      {
        "text": "будем друзьями",
        "userDefined": false
      }
    ],
    "isTemplate": false,
    "count": 0,
    "updated": 0
  },
  {
    "id": "e48af963-dcb3-4f31-afd4-f3bc018bdf08",
    "data": [
      {
        "text": "хочу быть твои другом",
        "userDefined": false
      }
    ],
    "isTemplate": false,
    "count": 0,
    "updated": 0
  },
  {
    "id": "a4fe4ebc-3bbc-4eb8-8e74-b51e0a972f48",
    "data": [
      {
        "text": "ты мой лучший друг так ведь",
        "userDefined": false
      }
    ],
    "isTemplate": false,
    "count": 0,
    "updated": 0
  },
  {
    "id": "545b8162-a12e-4296-baa3-6eaafe8abec8",
    "data": [
      {
        "text": "хотел бы ты дружить со мной",
        "userDefined": false
      }
    ],
    "isTemplate": false,
    "count": 0,
    "updated": 0
  },
  {
    "id": "2651c5a8-3f8a-408d-8847-0e47bf6e835f",
    "data": [
      {
        "text": "мы лучшие друзья",
        "userDefined": false
      }
    ],
    "isTemplate": false,
    "count": 0,
    "updated": 0
  },
  {
    "id": "b41dcbf0-b431-4b34-810a-dff596735ad9",
    "data": [
      {
        "text": "мы теперь лучшие друзья",
        "userDefined": false
      }
    ],
    "isTemplate": false,
    "count": 0,
    "updated": 0
  },
  {
    "id": "110cc554-2a10-4ae6-bd1d-2ce725e0f482",
    "data": [
      {
        "text": "хочешь быть моим другом",
        "userDefined": false
      }
    ],
    "isTemplate": false,
    "count": 0,
    "updated": 0
  },
  {
    "id": "cab985aa-3160-41bf-a430-20e492afda22",
    "data": [
      {
        "text": "будь моим другом",
        "userDefined": false
      }
    ],
    "isTemplate": false,
    "count": 0,
    "updated": 0
  },
  {
    "id": "b607f300-d02d-47bf-bd6c-46796a4ad23a",
    "data": [
      {
        "text": "станем лучшими друзьями",
        "userDefined": false
      }
    ],
    "isTemplate": false,
    "count": 0,
    "updated": 0
  },
  {
    "id": "6caf5eb5-5fc9-43b0-8838-6b5dd4a782de",
    "data": [
      {
        "text": "мы друзья правда",
        "userDefined": false
      }
    ],
    "isTemplate": false,
    "count": 0,
    "updated": 0
  },
  {
    "id": "ee3fa8b5-79b6-475b-b1e3-2f2b0bb2ab84",
    "data": [
      {
        "text": "может будем друзьями",
        "userDefined": false
      }
    ],
    "isTemplate": false,
    "count": 0,
    "updated": 0
  },
  {
    "id": "d9611ae6-81ee-462c-9574-ee38d0db2632",
    "data": [
      {
        "text": "мы можем остаться друзьями",
        "userDefined": false
      }
    ],
    "isTemplate": false,
    "count": 0,
    "updated": 0
  }
]