[
  {
    "id": "7ded428c-66fa-4593-aff7-69d68e87a106",
    "data": [
      {
        "text": "что нового",
        "userDefined": false
      }
    ],
    "isTemplate": false,
    "count": 1,
    "updated": 1529616684
  },
  {
    "id": "a596d79d-0109-4a13-bb38-66dc5136031d",
    "data": [
      {
        "text": "чё как",
        "userDefined": false
      }
    ],
    "isTemplate": false,
    "count": 0,
    "updated": 0
  },
  {
    "id": "80d098a3-fcf2-48ab-8b1c-2923a97df148",
    "data": [
      {
        "text": "Что ясно?",
        "userDefined": false
      }
    ],
    "isTemplate": false,
    "count": 1,
    "updated": 0
  },
  {
    "id": "37e73bb7-e8cb-4d30-8702-824a01dd9107",
    "data": [
      {
        "text": "что происходит",
        "userDefined": false
      }
    ],
    "isTemplate": false,
    "count": 0,
    "updated": 1529616684
  },
  {
    "id": "75f8c990-3d1c-4a03-b51d-9d255c4938ce",
    "data": [
      {
        "text": "что стряслось",
        "userDefined": false
      }
    ],
    "isTemplate": false,
    "count": 0,
    "updated": 1529616684
  },
  {
    "id": "ff5b7113-7a60-40c5-8294-b41657d586d1",
    "data": [
      {
        "text": "что случилось",
        "userDefined": false
      }
    ],
    "isTemplate": false,
    "count": 1,
    "updated": 1529616684
  },
  {
    "id": "fecd82d2-41cc-48bc-9595-ef9e1b3d6244",
    "data": [
      {
        "text": "что новенького",
        "userDefined": false
      }
    ],
    "isTemplate": false,
    "count": 0,
    "updated": 1529616684
  },
  {
    "id": "6ba7a278-1e1f-4cc6-a058-59d00f7ca85e",
    "data": [
      {
        "text": "что слышно",
        "userDefined": false
      }
    ],
    "isTemplate": false,
    "count": 0,
    "updated": 1529616684
  },
  {
    "id": "26467b61-e033-42e8-a7cc-37799606e028",
    "data": [
      {
        "text": "как оно вообще",
        "userDefined": false
      }
    ],
    "isTemplate": false,
    "count": 0,
    "updated": 1529616684
  },
  {
    "id": "162245be-60c1-4672-a0bc-2c99a774229c",
    "data": [
      {
        "text": "что такое",
        "userDefined": false
      }
    ],
    "isTemplate": false,
    "count": 1,
    "updated": 1529616684
  }
]