[
  {
    "id": "df5a16eb-8ed7-43ba-958d-dff88a7c0dc2",
    "data": [
      {
        "text": "нет проблем",
        "userDefined": false
      }
    ],
    "isTemplate": false,
    "count": 0,
    "updated": 0
  },
  {
    "id": "d6a341ed-0699-45de-b021-5b378c5eec06",
    "data": [
      {
        "text": "никаких проблем",
        "userDefined": false
      }
    ],
    "isTemplate": false,
    "count": 0,
    "updated": 0
  },
  {
    "id": "0aad5b9f-8ce8-4c97-93ae-e8d621d84862",
    "data": [
      {
        "text": "не переживай это не проблема",
        "userDefined": false
      }
    ],
    "isTemplate": false,
    "count": 0,
    "updated": 0
  },
  {
    "id": "244cdaa9-f71f-4026-8904-ccde72d319b6",
    "data": [
      {
        "text": "это не проблема",
        "userDefined": false
      }
    ],
    "isTemplate": false,
    "count": 0,
    "updated": 0
  },
  {
    "id": "76138bd6-f72d-4306-a113-c0ba27a3c690",
    "data": [
      {
        "text": "без проблем",
        "userDefined": false
      }
    ],
    "isTemplate": false,
    "count": 0,
    "updated": 0
  },
  {
    "id": "3329a2e6-8543-4e5f-ac43-0370e6a3157c",
    "data": [
      {
        "text": "не беспокойся",
        "userDefined": false
      }
    ],
    "isTemplate": false,
    "count": 0,
    "updated": 0
  },
  {
    "id": "8ea08a28-fceb-4212-b8eb-8e25d7099a5f",
    "data": [
      {
        "text": "конечно без проблем",
        "userDefined": false
      }
    ],
    "isTemplate": false,
    "count": 0,
    "updated": 0
  },
  {
    "id": "97e30fa2-883e-4403-8edc-d8d7383a354e",
    "data": [
      {
        "text": "не переживай",
        "userDefined": false
      }
    ],
    "isTemplate": false,
    "count": 0,
    "updated": 0
  }
]