[
  {
    "id": "fd8d5d91-9a75-4534-a9ac-52d9b694d9be",
    "data": [
      {
        "text": "Какая я?",
        "userDefined": false
      }
    ],
    "isTemplate": false,
    "count": 0,
    "updated": 0
  },
  {
    "id": "2554041f-9027-45bb-a497-b5cce9f30af7",
    "data": [
      {
        "text": "как я выгляжу",
        "userDefined": false
      }
    ],
    "isTemplate": false,
    "count": 1,
    "updated": 0
  },
  {
    "id": "2d2edd50-1a97-4150-8d82-6b57799a9452",
    "data": [
      {
        "text": "я хорошо выгляжу",
        "userDefined": false
      }
    ],
    "isTemplate": false,
    "count": 0,
    "updated": 0
  },
  {
    "id": "1a44f1b9-d2a0-4175-8152-b88dd4f855ae",
    "data": [
      {
        "text": "как по-твоему я выгляжу",
        "userDefined": false
      }
    ],
    "isTemplate": false,
    "count": 0,
    "updated": 0
  },
  {
    "id": "77eafc16-e32f-4ccc-84fa-6612bc4b1541",
    "data": [
      {
        "text": "ты видишь как я выгляжу",
        "userDefined": false
      }
    ],
    "isTemplate": false,
    "count": 0,
    "updated": 0
  },
  {
    "id": "6c3f7671-768a-478e-b9af-3807928458e9",
    "data": [
      {
        "text": "я правда хорошо выгляжу",
        "userDefined": false
      }
    ],
    "isTemplate": false,
    "count": 0,
    "updated": 0
  },
  {
    "id": "cbb0ed4a-0511-4b83-979b-7c7802636aaa",
    "data": [
      {
        "text": "ты знаешь как я выгляжу",
        "userDefined": false
      }
    ],
    "isTemplate": false,
    "count": 0,
    "updated": 0
  },
  {
    "id": "8296eb16-d27f-4253-985f-ab300724c72a",
    "data": [
      {
        "text": "нормально ли я выгляжу",
        "userDefined": false
      }
    ],
    "isTemplate": false,
    "count": 0,
    "updated": 0
  }
]