[
  {
    "id": "c5d53288-7e71-47a0-a36f-e519ab2ed31d",
    "data": [
      {
        "text": "ты скучный",
        "userDefined": false
      }
    ],
    "isTemplate": false,
    "count": 3,
    "updated": 0
  },
  {
    "id": "1b774f41-9f59-4bba-901b-10faeb343c14",
    "data": [
      {
        "text": "ты невероятно скучная",
        "userDefined": false
      }
    ],
    "isTemplate": false,
    "count": 0,
    "updated": 0
  },
  {
    "id": "fd4edbd0-1fb3-4fb8-bb29-24a3eebb5755",
    "data": [
      {
        "text": "насколько же ты скучный",
        "userDefined": false
      }
    ],
    "isTemplate": false,
    "count": 0,
    "updated": 0
  },
  {
    "id": "eaf26c5f-9b30-42f4-85c1-62016995fd1d",
    "data": [
      {
        "text": "ты наскучил мне",
        "userDefined": false
      }
    ],
    "isTemplate": false,
    "count": 0,
    "updated": 0
  },
  {
    "id": "d1692ef9-26df-4607-b4aa-4c360eb0652c",
    "data": [
      {
        "text": "ты мне наскучила",
        "userDefined": false
      }
    ],
    "isTemplate": false,
    "count": 0,
    "updated": 0
  },
  {
    "id": "db88a6be-4831-43f1-ab40-44806a460964",
    "data": [
      {
        "text": "ты очень скучный",
        "userDefined": false
      }
    ],
    "isTemplate": false,
    "count": 0,
    "updated": 0
  },
  {
    "id": "03defaa7-f489-430d-9648-7c19af039f87",
    "data": [
      {
        "text": "ты ужасно скучный",
        "userDefined": false
      }
    ],
    "isTemplate": false,
    "count": 0,
    "updated": 0
  },
  {
    "id": "db65289f-e1df-40db-9e2e-b4091f9878b4",
    "data": [
      {
        "text": "ты такая скучная",
        "userDefined": false
      }
    ],
    "isTemplate": false,
    "count": 0,
    "updated": 0
  }
]