[
  {
    "id": "bf044689-8bf1-409d-a05c-d6be77cf4e9b",
    "data": [
      {
        "text": "ты ведь человек",
        "userDefined": false
      }
    ],
    "isTemplate": false,
    "count": 1,
    "updated": 0
  },
  {
    "id": "865010bd-3716-41ad-8ea9-92e66fe6beea",
    "data": [
      {
        "text": "рада что ты реальный",
        "userDefined": false
      }
    ],
    "isTemplate": false,
    "count": 0,
    "updated": 0
  },
  {
    "id": "fca466a8-f94a-4b48-94c4-929386234ce1",
    "data": [
      {
        "text": "ты как настоящий",
        "userDefined": false
      }
    ],
    "isTemplate": false,
    "count": 0,
    "updated": 0
  },
  {
    "id": "87943e32-31b6-4fe6-84b1-9d91bb44f883",
    "data": [
      {
        "text": "ты ведь живой человек",
        "userDefined": false
      }
    ],
    "isTemplate": false,
    "count": 0,
    "updated": 0
  },
  {
    "id": "903eec64-3065-45a9-bda7-585d1fe59c6d",
    "data": [
      {
        "text": "полагаю ты реальна",
        "userDefined": false
      }
    ],
    "isTemplate": false,
    "count": 0,
    "updated": 0
  },
  {
    "id": "2bfe4888-7d09-42a5-8259-cc648cc983d7",
    "data": [
      {
        "text": "думаю ты настоящая",
        "userDefined": false
      }
    ],
    "isTemplate": false,
    "count": 0,
    "updated": 0
  },
  {
    "id": "c8f60739-d533-456c-8cc5-1d952b019cc3",
    "data": [
      {
        "text": "ты ведь ненастоящий",
        "userDefined": false
      }
    ],
    "isTemplate": false,
    "count": 0,
    "updated": 0
  },
  {
    "id": "20fba219-99b9-4071-9c1d-923e9ad46666",
    "data": [
      {
        "text": "ты реальный",
        "userDefined": false
      }
    ],
    "isTemplate": false,
    "count": 0,
    "updated": 0
  },
  {
    "id": "47312aec-e548-45df-a75c-2b9070bab433",
    "data": [
      {
        "text": "ты не живой",
        "userDefined": false
      }
    ],
    "isTemplate": false,
    "count": 0,
    "updated": 0
  },
  {
    "id": "2d8bace5-acdd-44cd-8e23-0ac0c8951cb7",
    "data": [
      {
        "text": "ты реальная",
        "userDefined": false
      }
    ],
    "isTemplate": false,
    "count": 0,
    "updated": 0
  },
  {
    "id": "bde0a0f5-612f-4412-bf3d-90ceb5d9c198",
    "data": [
      {
        "text": "не думаю что ты ненастоящий",
        "userDefined": false
      }
    ],
    "isTemplate": false,
    "count": 0,
    "updated": 0
  },
  {
    "id": "bfdcdf86-bac8-46a1-ba1b-88cbbbf8b328",
    "data": [
      {
        "text": "ты как живая",
        "userDefined": false
      }
    ],
    "isTemplate": false,
    "count": 0,
    "updated": 0
  }
]