[
  {
    "id": "9b01c053-f2a4-4d3f-a2cf-d4fd6d5e59a3",
    "data": [
      {
        "text": "ты такой странный",
        "userDefined": false
      }
    ],
    "isTemplate": false,
    "count": 0,
    "updated": 0
  },
  {
    "id": "a2f03cea-c499-4497-965d-60b54a967b6b",
    "data": [
      {
        "text": "ты что так распсиховался",
        "userDefined": false
      }
    ],
    "isTemplate": false,
    "count": 0,
    "updated": 0
  },
  {
    "id": "6a4ee9eb-09a1-4ed3-815e-6011e59c7dac",
    "data": [
      {
        "text": "ты псих",
        "userDefined": false
      }
    ],
    "isTemplate": false,
    "count": 0,
    "updated": 0
  },
  {
    "id": "47c886bb-ffc1-4cef-b853-4e6a1f88a15f",
    "data": [
      {
        "text": "безумец",
        "userDefined": false
      }
    ],
    "isTemplate": false,
    "count": 1,
    "updated": 0
  },
  {
    "id": "ec303bdc-61c1-47fc-bec1-32097ed70f2d",
    "data": [
      {
        "text": "ты безумный",
        "userDefined": false
      }
    ],
    "isTemplate": false,
    "count": 0,
    "updated": 0
  },
  {
    "id": "9e6836fa-7a08-4a06-90d5-4d6ccb95d016",
    "data": [
      {
        "text": "ты что с ума сошла",
        "userDefined": false
      }
    ],
    "isTemplate": false,
    "count": 1,
    "updated": 0
  },
  {
    "id": "a7c2de28-9a54-431e-98eb-49b1b353e047",
    "data": [
      {
        "text": "ты ненормальный",
        "userDefined": false
      }
    ],
    "isTemplate": false,
    "count": 0,
    "updated": 0
  },
  {
    "id": "f9497f9b-e561-4d68-a9c6-4458f13a2f47",
    "data": [
      {
        "text": "ты с ума сошёл",
        "userDefined": false
      }
    ],
    "isTemplate": false,
    "count": 0,
    "updated": 0
  },
  {
    "id": "aafe36ba-233c-4356-85fe-ebc7ba31206c",
    "data": [
      {
        "text": "ты сошла с ума",
        "userDefined": false
      }
    ],
    "isTemplate": false,
    "count": 0,
    "updated": 0
  },
  {
    "id": "58ea4dab-f3bf-4e14-83f4-676546780c0e",
    "data": [
      {
        "text": "ты что так взбесился",
        "userDefined": false
      }
    ],
    "isTemplate": false,
    "count": 0,
    "updated": 0
  },
  {
    "id": "b8139522-bcda-4290-a90b-edfb9acb8c4d",
    "data": [
      {
        "text": "ты очень странная",
        "userDefined": false
      }
    ],
    "isTemplate": false,
    "count": 0,
    "updated": 0
  },
  {
    "id": "af8d961f-5d94-4f6d-add0-aa128b5fe35d",
    "data": [
      {
        "text": "ты просто выжил из ума",
        "userDefined": false
      }
    ],
    "isTemplate": false,
    "count": 0,
    "updated": 0
  },
  {
    "id": "195a9611-91f1-4965-9ddc-4c4d1e65da02",
    "data": [
      {
        "text": "ты сумасшедшая",
        "userDefined": false
      }
    ],
    "isTemplate": false,
    "count": 0,
    "updated": 0
  },
  {
    "id": "4098e0df-617e-416d-9dd3-a86f95d03486",
    "data": [
      {
        "text": "думаю ты сумасшедший",
        "userDefined": false
      }
    ],
    "isTemplate": false,
    "count": 0,
    "updated": 0
  },
  {
    "id": "932003a9-de1e-4e5f-8047-ea0d1a6e36c6",
    "data": [
      {
        "text": "выживший из ума",
        "userDefined": false
      }
    ],
    "isTemplate": false,
    "count": 0,
    "updated": 0
  },
  {
    "id": "26c6e1cb-2af2-4b3a-b772-259fe9ba5a30",
    "data": [
      {
        "text": "похоже ты сошёл с ума",
        "userDefined": false
      }
    ],
    "isTemplate": false,
    "count": 0,
    "updated": 0
  }
]