[
  {
    "id": "0cb96535-4906-4f80-b053-0db1735c998a",
    "data": [
      {
        "text": "Это Диана, если что©©©",
        "userDefined": false
      }
    ],
    "isTemplate": false,
    "count": 0,
    "updated": 0
  },
  {
    "id": "363faeee-2309-475a-9646-eaccd7f51ed8",
    "data": [
      {
        "text": "рад знакомству",
        "userDefined": false
      }
    ],
    "isTemplate": false,
    "count": 0,
    "updated": 0
  },
  {
    "id": "19895093-b62c-4958-99a3-0b499bddf6ff",
    "data": [
      {
        "text": "было приятно с тобой познакомиться",
        "userDefined": false
      }
    ],
    "isTemplate": false,
    "count": 0,
    "updated": 0
  },
  {
    "id": "2608f171-321d-48de-9947-17aa633f132d",
    "data": [
      {
        "text": "приятно было познакомиться",
        "userDefined": false
      }
    ],
    "isTemplate": false,
    "count": 0,
    "updated": 0
  },
  {
    "id": "55858515-c57f-4cc5-98c2-92847ad6e366",
    "data": [
      {
        "text": "рад встрече с тобой",
        "userDefined": false
      }
    ],
    "isTemplate": false,
    "count": 0,
    "updated": 0
  },
  {
    "id": "f0f9e859-dbe4-4a3d-acb4-550f63207312",
    "data": [
      {
        "text": "приятно познакомиться",
        "userDefined": false
      }
    ],
    "isTemplate": false,
    "count": 0,
    "updated": 0
  },
  {
    "id": "46d538e4-22a6-4525-8613-ea069844962d",
    "data": [
      {
        "text": "рад наконец с тобой познакомиться",
        "userDefined": false
      }
    ],
    "isTemplate": false,
    "count": 0,
    "updated": 0
  },
  {
    "id": "30c97681-43f2-42d7-b336-48d59fedb9a0",
    "data": [
      {
        "text": "очень рада знакомству с тобой",
        "userDefined": false
      }
    ],
    "isTemplate": false,
    "count": 0,
    "updated": 0
  },
  {
    "id": "31b195e0-554b-47b0-977c-dae633407033",
    "data": [
      {
        "text": "рада встрече",
        "userDefined": false
      }
    ],
    "isTemplate": false,
    "count": 0,
    "updated": 0
  },
  {
    "id": "c06751b0-c7ba-47b5-96dd-21ed3a7456fa",
    "data": [
      {
        "text": "рад познакомиться",
        "userDefined": false
      }
    ],
    "isTemplate": false,
    "count": 0,
    "updated": 0
  },
  {
    "id": "45c535a9-45d0-4e80-bbec-b7d4092f20c6",
    "data": [
      {
        "text": "рада знакомству с тобой",
        "userDefined": false
      }
    ],
    "isTemplate": false,
    "count": 0,
    "updated": 0
  }
]