[
  {
    "id": "ee49022c-0ac5-46a0-a7b0-244c2575bb14",
    "data": [
      {
        "text": "Ты шо",
        "userDefined": false
      }
    ],
    "isTemplate": false,
    "count": 0,
    "updated": 0
  },
  {
    "id": "91cece7d-926e-4f40-b969-72b7d063ad91",
    "data": [
      {
        "text": "Шо ты?",
        "userDefined": false
      }
    ],
    "isTemplate": false,
    "count": 0,
    "updated": 0
  },
  {
    "id": "adbc5e39-76b0-4a09-8c56-c4430d3d4e0b",
    "data": [
      {
        "text": "как дела",
        "userDefined": false
      }
    ],
    "isTemplate": false,
    "count": 8,
    "updated": 0
  },
  {
    "id": "3e09c683-4891-477c-9909-fb52745ecf1a",
    "data": [
      {
        "text": "как жизнь",
        "userDefined": false
      }
    ],
    "isTemplate": false,
    "count": 13,
    "updated": 0
  },
  {
    "id": "3f625b73-e50b-4fbf-a5cd-1adaed3c70e0",
    "data": [
      {
        "text": "Как спалось?",
        "userDefined": false
      }
    ],
    "isTemplate": false,
    "count": 0,
    "updated": 0
  },
  {
    "id": "bb37e7e6-d2a9-4ca0-b4e9-7f37a9098684",
    "data": [
      {
        "text": "Как настроение?",
        "userDefined": false
      }
    ],
    "isTemplate": false,
    "count": 0,
    "updated": 0
  },
  {
    "id": "9f51a8c0-2c4a-4f2a-a238-e86ee4223872",
    "data": [
      {
        "text": "Каг дила красавчег",
        "userDefined": false
      }
    ],
    "isTemplate": false,
    "count": 1,
    "updated": 0
  },
  {
    "id": "44118695-079a-4039-bb81-0adee5d7a221",
    "data": [
      {
        "text": "ты как?",
        "userDefined": false
      }
    ],
    "isTemplate": false,
    "count": 1,
    "updated": 0
  },
  {
    "id": "21b94fc0-8b81-4076-a934-94efe5b0aaaf",
    "data": [
      {
        "text": "JD как дела?",
        "userDefined": false
      }
    ],
    "isTemplate": false,
    "count": 1,
    "updated": 0
  },
  {
    "id": "959bc307-90f9-43ab-8f71-79178f6d77ae",
    "data": [
      {
        "text": "как твои дела",
        "userDefined": false
      }
    ],
    "isTemplate": false,
    "count": 8,
    "updated": 0
  },
  {
    "id": "8f2e85f8-a6a6-4298-81c8-16a97a5758eb",
    "data": [
      {
        "text": "как ты",
        "userDefined": false
      }
    ],
    "isTemplate": false,
    "count": 2,
    "updated": 0
  },
  {
    "id": "7832ecde-5862-4c6f-b3aa-d4b612000afb",
    "data": [
      {
        "text": "как оно",
        "userDefined": false
      }
    ],
    "isTemplate": false,
    "count": 4,
    "updated": 0
  },
  {
    "id": "5e145ab9-bd4b-4f71-8d6b-ab6a055fbf62",
    "data": [
      {
        "text": "Как самочувствие",
        "userDefined": false
      }
    ],
    "isTemplate": false,
    "count": 3,
    "updated": 0
  },
  {
    "id": "aa23d5d7-ed43-4732-a38a-7f5d7e9c5591",
    "data": [
      {
        "text": "А ты?",
        "userDefined": false
      }
    ],
    "isTemplate": false,
    "count": 3,
    "updated": 0
  },
  {
    "id": "3e91aaa4-debd-4f05-9ab7-3a26327e60ee",
    "data": [
      {
        "text": "как твоё утро",
        "userDefined": false
      }
    ],
    "isTemplate": false,
    "count": 0,
    "updated": 1550315754
  },
  {
    "id": "9ffbabb2-8895-4b9b-afdf-1b440547dd66",
    "data": [
      {
        "text": "как прошла ночь",
        "userDefined": false
      }
    ],
    "isTemplate": false,
    "count": 0,
    "updated": 1550315754
  },
  {
    "id": "fed82388-c9ab-48e9-926e-edfc8606203f",
    "data": [
      {
        "text": "как ты поживаешь",
        "userDefined": false
      }
    ],
    "isTemplate": false,
    "count": 0,
    "updated": 0
  },
  {
    "id": "02911d3d-c08e-4fc4-959a-73378be9d55a",
    "data": [
      {
        "text": "я в порядке а ты",
        "userDefined": false
      }
    ],
    "isTemplate": false,
    "count": 0,
    "updated": 0
  },
  {
    "id": "fcfc189c-9fc1-42d8-900f-c05961b13bef",
    "data": [
      {
        "text": "день добрый как ты",
        "userDefined": false
      }
    ],
    "isTemplate": false,
    "count": 0,
    "updated": 0
  },
  {
    "id": "916ca1ea-5500-4b2f-8f0f-428b1eba2022",
    "data": [
      {
        "text": "как твои дела сегодня",
        "userDefined": false
      }
    ],
    "isTemplate": false,
    "count": 0,
    "updated": 0
  },
  {
    "id": "c9bdd29f-3be1-4364-9967-f3152bc2ae63",
    "data": [
      {
        "text": "как поживаешь",
        "userDefined": false
      }
    ],
    "isTemplate": false,
    "count": 0,
    "updated": 0
  },
  {
    "id": "36af9b4b-570c-48ac-a1be-732e9709d061",
    "data": [
      {
        "text": "привет как дела",
        "userDefined": false
      }
    ],
    "isTemplate": false,
    "count": 0,
    "updated": 0
  },
  {
    "id": "ca72f575-fdf1-4fa5-b90c-fe01fb5500fa",
    "data": [
      {
        "text": "как прошёл твой день",
        "userDefined": false
      }
    ],
    "isTemplate": false,
    "count": 0,
    "updated": 0
  },
  {
    "id": "bfb0d4b7-9fd3-4f79-83e7-858c96cab48a",
    "data": [
      {
        "text": "утро доброе как ты",
        "userDefined": false
      }
    ],
    "isTemplate": false,
    "count": 0,
    "updated": 0
  },
  {
    "id": "e4e2d77b-9fde-4358-8ae2-4cf51cea8eaa",
    "data": [
      {
        "text": "как ты себя чувствуешь",
        "userDefined": false
      }
    ],
    "isTemplate": false,
    "count": 0,
    "updated": 0
  },
  {
    "id": "8561fe45-d59f-4e79-a796-8977e07042f8",
    "data": [
      {
        "text": "как ты поживал всё это время",
        "userDefined": false
      }
    ],
    "isTemplate": false,
    "count": 0,
    "updated": 0
  },
  {
    "id": "c6c241ea-04fe-4acb-b27e-8edb51a52ab0",
    "data": [
      {
        "text": "как ты этим вечером",
        "userDefined": false
      }
    ],
    "isTemplate": false,
    "count": 0,
    "updated": 0
  },
  {
    "id": "430d10fe-225b-478d-a5f5-7985e8ffd483",
    "data": [
      {
        "text": "как тебе живётся",
        "userDefined": false
      }
    ],
    "isTemplate": false,
    "count": 0,
    "updated": 0
  },
  {
    "id": "78ce0e9d-4a2c-4181-86c2-393c3b757b3e",
    "data": [
      {
        "text": "как прошло твоё утро",
        "userDefined": false
      }
    ],
    "isTemplate": false,
    "count": 0,
    "updated": 0
  },
  {
    "id": "0810e4de-0c35-45a6-b785-c0f182df584d",
    "data": [
      {
        "text": "а как насчёт тебя как твои дела",
        "userDefined": false
      }
    ],
    "isTemplate": false,
    "count": 0,
    "updated": 0
  },
  {
    "id": "7789b669-2702-46dd-a96c-93b540cacc9e",
    "data": [
      {
        "text": "привет как оно",
        "userDefined": false
      }
    ],
    "isTemplate": false,
    "count": 0,
    "updated": 0
  },
  {
    "id": "eb6693ee-2436-45fd-944b-c286557a8e44",
    "data": [
      {
        "text": "ну и как твои дела",
        "userDefined": false
      }
    ],
    "isTemplate": false,
    "count": 0,
    "updated": 0
  },
  {
    "id": "d392e425-5777-464f-a314-88b9870bca2f",
    "data": [
      {
        "text": "я в порядке как у тебя дела",
        "userDefined": false
      }
    ],
    "isTemplate": false,
    "count": 0,
    "updated": 0
  },
  {
    "id": "1f2d19f7-7716-4fa0-a97c-f246551b20b6",
    "data": [
      {
        "text": "надеюсь ты в порядке",
        "userDefined": false
      }
    ],
    "isTemplate": false,
    "count": 0,
    "updated": 0
  },
  {
    "id": "156c5c5f-2569-489e-8372-bf7cfe464ec1",
    "data": [
      {
        "text": "как ты себя ощущаешь",
        "userDefined": false
      }
    ],
    "isTemplate": false,
    "count": 0,
    "updated": 0
  },
  {
    "id": "8e0bb612-afce-412b-862b-b521cb325f06",
    "data": [
      {
        "text": "хорошо как дела у тебя",
        "userDefined": false
      }
    ],
    "isTemplate": false,
    "count": 0,
    "updated": 0
  },
  {
    "id": "52d32266-fcfb-4bd2-a1db-acaf57c98cdb",
    "data": [
      {
        "text": "как у тебя дела сегодня утром",
        "userDefined": false
      }
    ],
    "isTemplate": false,
    "count": 0,
    "updated": 0
  },
  {
    "id": "eef8a65f-14a0-4890-b5fe-363b41c569f9",
    "data": [
      {
        "text": "привет как ты",
        "userDefined": false
      }
    ],
    "isTemplate": false,
    "count": 0,
    "updated": 0
  },
  {
    "id": "4b5074a3-7b05-4559-8c77-58b478b7b49c",
    "data": [
      {
        "text": "как ты жил всё это время",
        "userDefined": false
      }
    ],
    "isTemplate": false,
    "count": 0,
    "updated": 0
  },
  {
    "id": "92979f3e-4cc0-46f8-a8ef-ab6644e947bf",
    "data": [
      {
        "text": "как проходит твой день",
        "userDefined": false
      }
    ],
    "isTemplate": false,
    "count": 0,
    "updated": 0
  },
  {
    "id": "2e7636eb-03cb-4e9b-858c-4b0f77d0739d",
    "data": [
      {
        "text": "как твой вечер",
        "userDefined": false
      }
    ],
    "isTemplate": false,
    "count": 0,
    "updated": 0
  },
  {
    "id": "a1ef9494-4698-4078-ba86-60e128739d3a",
    "data": [
      {
        "text": "как прошёл твой вечер",
        "userDefined": false
      }
    ],
    "isTemplate": false,
    "count": 0,
    "updated": 0
  },
  {
    "id": "62a78cc7-f29c-4693-ace2-00e97f6db0b5",
    "data": [
      {
        "text": "всё в порядке",
        "userDefined": false
      }
    ],
    "isTemplate": false,
    "count": 0,
    "updated": 0
  },
  {
    "id": "8b5ee447-e0a6-473d-b639-d242e50e5e61",
    "data": [
      {
        "text": "ты в порядке",
        "userDefined": false
      }
    ],
    "isTemplate": false,
    "count": 0,
    "updated": 0
  },
  {
    "id": "6bf80055-5925-4ebe-9301-13eee251cd53",
    "data": [
      {
        "text": "у тебя всё в порядке",
        "userDefined": false
      }
    ],
    "isTemplate": false,
    "count": 0,
    "updated": 0
  },
  {
    "id": "7b6d04e2-7d61-43cc-8ccc-f0a07fd68af5",
    "data": [
      {
        "text": "как ты как твои дела",
        "userDefined": false
      }
    ],
    "isTemplate": false,
    "count": 0,
    "updated": 0
  },
  {
    "id": "3fe3c85b-1873-4f91-a3b0-66fdcde6abdf",
    "data": [
      {
        "text": "как твой день",
        "userDefined": false
      }
    ],
    "isTemplate": false,
    "count": 0,
    "updated": 0
  },
  {
    "id": "d45dd8f8-c81d-4aff-82a7-e07fead7a9a9",
    "data": [
      {
        "text": "каким был твой день",
        "userDefined": false
      }
    ],
    "isTemplate": false,
    "count": 0,
    "updated": 0
  },
  {
    "id": "61ff9516-2b58-4d2d-963f-79dd514728bd",
    "data": [
      {
        "text": "всё хорошо а ты как",
        "userDefined": false
      }
    ],
    "isTemplate": false,
    "count": 0,
    "updated": 0
  },
  {
    "id": "9c56aba0-bde6-4c09-b94e-16aadd97ca09",
    "data": [
      {
        "text": "как ты этим утром",
        "userDefined": false
      }
    ],
    "isTemplate": false,
    "count": 0,
    "updated": 0
  },
  {
    "id": "df52faef-66ca-4942-8c87-3bfda5d352ad",
    "data": [
      {
        "text": "как у тебя дела сегодня",
        "userDefined": false
      }
    ],
    "isTemplate": false,
    "count": 0,
    "updated": 0
  }
]