[
  {
    "id": "4b799c77-322c-4f72-b21a-00e86abaa5e9",
    "data": [
      {
        "text": "не так",
        "userDefined": false
      }
    ],
    "isTemplate": false,
    "count": 0,
    "updated": 1550322991
  },
  {
    "id": "5433fb4e-782a-4b99-8f7a-253a1afe7b42",
    "data": [
      {
        "text": "нет",
        "userDefined": false
      }
    ],
    "isTemplate": false,
    "count": 0,
    "updated": 1550322991
  },
  {
    "id": "56f78478-e08a-444c-bce8-20abb202507c",
    "data": [
      {
        "text": "определенно нет",
        "userDefined": false
      }
    ],
    "isTemplate": false,
    "count": 0,
    "updated": 1550322991
  },
  {
    "id": "80649b81-fb6f-42f8-95af-d45877b22a73",
    "data": [
      {
        "text": "спасибо нет",
        "userDefined": false
      }
    ],
    "isTemplate": false,
    "count": 0,
    "updated": 1550322991
  },
  {
    "id": "34b8734d-ff10-401c-91ac-651213315081",
    "data": [
      {
        "text": "не делай этого",
        "userDefined": false
      }
    ],
    "isTemplate": false,
    "count": 0,
    "updated": 1550322991
  },
  {
    "id": "09bb2658-abd7-414d-b4a6-188d276f9bdd",
    "data": [
      {
        "text": "я не хочу этого",
        "userDefined": false
      }
    ],
    "isTemplate": false,
    "count": 0,
    "updated": 1550322991
  },
  {
    "id": "e95e7b41-79f2-4173-9a05-809fd2ea86b5",
    "data": [
      {
        "text": "не думаю",
        "userDefined": false
      }
    ],
    "isTemplate": false,
    "count": 0,
    "updated": 1550322991
  },
  {
    "id": "5c65af41-2127-438c-b671-768e9601aaf7",
    "data": [
      {
        "text": "не согласен",
        "userDefined": false
      }
    ],
    "isTemplate": false,
    "count": 0,
    "updated": 1550322991
  },
  {
    "id": "c4c07a1c-5cf5-4af9-9681-78c984db9d21",
    "data": [
      {
        "text": "не интересует",
        "userDefined": false
      }
    ],
    "isTemplate": false,
    "count": 0,
    "updated": 1550322991
  },
  {
    "id": "68d1f75d-726a-4c5d-95d4-05b56991113c",
    "data": [
      {
        "text": "да нет",
        "userDefined": false
      }
    ],
    "isTemplate": false,
    "count": 0,
    "updated": 1497433473
  }
]