[
  {
    "id": "30b92e25-1b72-4859-92b5-695b76ef17ec",
    "data": [
      {
        "text": "Хорош))",
        "userDefined": false
      }
    ],
    "isTemplate": false,
    "count": 4,
    "updated": 0
  },
  {
    "id": "fb9f5791-a135-47ba-91ef-6a793b032e94",
    "data": [
      {
        "text": "Это литраж.",
        "userDefined": false
      }
    ],
    "isTemplate": false,
    "count": 0,
    "updated": 0
  },
  {
    "id": "eaf90441-52d7-4c99-a533-2e9753408ab8",
    "data": [
      {
        "text": "хорошо",
        "userDefined": false
      }
    ],
    "isTemplate": false,
    "count": 8,
    "updated": 0
  },
  {
    "id": "76034ca3-5959-4521-86b9-7c8116d9dd89",
    "data": [
      {
        "text": "Хороший мальчик",
        "userDefined": false
      }
    ],
    "isTemplate": false,
    "count": 2,
    "updated": 0
  },
  {
    "id": "a0aee329-9e8c-4e60-8b1f-4296bf1678f4",
    "data": [
      {
        "text": "прекрасно",
        "meta": "@sys.ignore",
        "userDefined": true
      }
    ],
    "isTemplate": false,
    "count": 0,
    "updated": 0
  },
  {
    "id": "01812fb6-030d-4963-b57a-89675ad1175a",
    "data": [
      {
        "text": "супер",
        "userDefined": false
      }
    ],
    "isTemplate": false,
    "count": 0,
    "updated": 1550313130
  },
  {
    "id": "34966347-a92c-4d46-a7bb-f9b5a21c6b71",
    "data": [
      {
        "text": "это просто потрясающе",
        "userDefined": false
      }
    ],
    "isTemplate": false,
    "count": 0,
    "updated": 1550313130
  },
  {
    "id": "1df250c6-d75a-47ef-bad6-3eeacb3668a7",
    "data": [
      {
        "text": "фантастический",
        "userDefined": false
      }
    ],
    "isTemplate": false,
    "count": 0,
    "updated": 1550313130
  },
  {
    "id": "4b515b3c-e574-4878-926e-fc6a9b646202",
    "data": [
      {
        "text": "не очень плохо",
        "userDefined": false
      }
    ],
    "isTemplate": false,
    "count": 1,
    "updated": 1550313130
  },
  {
    "id": "414c94ce-bc32-4fe3-81be-bd09d0e8dea1",
    "data": [
      {
        "text": "хорошее замечание",
        "userDefined": false
      }
    ],
    "isTemplate": false,
    "count": 0,
    "updated": 1550313130
  },
  {
    "id": "4d2d5783-002d-4374-a948-787964432839",
    "data": [
      {
        "text": "это неплохо",
        "userDefined": false
      }
    ],
    "isTemplate": false,
    "count": 0,
    "updated": 1550313130
  },
  {
    "id": "cc37f134-dcbf-47ac-a18c-74fb426c3592",
    "data": [
      {
        "text": "невероятный",
        "userDefined": false
      }
    ],
    "isTemplate": false,
    "count": 0,
    "updated": 1550313130
  },
  {
    "id": "6e2239df-f1e8-4a5a-b92d-c2e7b1a02ccd",
    "data": [
      {
        "text": "это чудесно",
        "userDefined": false
      }
    ],
    "isTemplate": false,
    "count": 1,
    "updated": 0
  },
  {
    "id": "a2796f04-c04c-4829-beb0-8b0819aa26ea",
    "data": [
      {
        "text": "это мило",
        "userDefined": false
      }
    ],
    "isTemplate": false,
    "count": 1,
    "updated": 0
  },
  {
    "id": "2e80aac8-6092-45dd-b415-8475af8560c4",
    "data": [
      {
        "text": "роскошно",
        "userDefined": false
      }
    ],
    "isTemplate": false,
    "count": 0,
    "updated": 0
  },
  {
    "id": "1f52803b-74eb-4f20-9cdb-290f7abf4b7a",
    "data": [
      {
        "text": "супер невероятно",
        "userDefined": false
      }
    ],
    "isTemplate": false,
    "count": 0,
    "updated": 0
  },
  {
    "id": "d06408df-b688-49d0-956a-030a38afde36",
    "data": [
      {
        "text": "мило",
        "userDefined": false
      }
    ],
    "isTemplate": false,
    "count": 0,
    "updated": 0
  },
  {
    "id": "380134f5-9a9c-495b-bea8-df9172a3bfde",
    "data": [
      {
        "text": "потрясно",
        "userDefined": false
      }
    ],
    "isTemplate": false,
    "count": 0,
    "updated": 0
  },
  {
    "id": "ebd92ca9-3ef7-43ee-afcb-014f9ff44373",
    "data": [
      {
        "text": "окей здорово",
        "userDefined": false
      }
    ],
    "isTemplate": false,
    "count": 0,
    "updated": 0
  },
  {
    "id": "1b40600b-03d0-4d78-a91b-c01437b945f4",
    "data": [
      {
        "text": "совершенно",
        "userDefined": false
      }
    ],
    "isTemplate": false,
    "count": 0,
    "updated": 0
  },
  {
    "id": "d1f737f6-708b-49ff-b386-a456a1cfc643",
    "data": [
      {
        "text": "довольно хорошо",
        "userDefined": false
      }
    ],
    "isTemplate": false,
    "count": 1,
    "updated": 0
  },
  {
    "id": "dfa74fe9-2c1b-4003-994c-123ff7552b6d",
    "data": [
      {
        "text": "классно сработано",
        "userDefined": false
      }
    ],
    "isTemplate": false,
    "count": 0,
    "updated": 0
  },
  {
    "id": "89507f30-7926-493e-b96d-cf9514eb8223",
    "data": [
      {
        "text": "это гораздо лучше",
        "userDefined": false
      }
    ],
    "isTemplate": false,
    "count": 0,
    "updated": 0
  },
  {
    "id": "b1c6da65-84db-44b1-9783-edec819e6923",
    "data": [
      {
        "text": "это великолепно",
        "userDefined": false
      }
    ],
    "isTemplate": false,
    "count": 0,
    "updated": 0
  },
  {
    "id": "c7fce476-d100-46cb-b8c7-897c8ba5f302",
    "data": [
      {
        "text": "принято к сведению",
        "userDefined": false
      }
    ],
    "isTemplate": false,
    "count": 0,
    "updated": 0
  },
  {
    "id": "dd0b04f5-ece4-4322-8c11-0cd8e7ec3351",
    "data": [
      {
        "text": "блестяще",
        "meta": "@sys.ignore",
        "userDefined": true
      }
    ],
    "isTemplate": false,
    "count": 1,
    "updated": 0
  },
  {
    "id": "c4cd4b3e-060f-4673-bcbc-c33e6238891a",
    "data": [
      {
        "text": "очень хороший",
        "userDefined": false
      }
    ],
    "isTemplate": false,
    "count": 0,
    "updated": 0
  },
  {
    "id": "bab96104-6859-4335-a364-fd0c75f31d4e",
    "data": [
      {
        "text": "рада это слышать",
        "userDefined": false
      }
    ],
    "isTemplate": false,
    "count": 0,
    "updated": 0
  },
  {
    "id": "1eaa6417-c69c-468e-b759-dbca3e2fffcb",
    "data": [
      {
        "text": "это прекрасно",
        "userDefined": false
      }
    ],
    "isTemplate": false,
    "count": 2,
    "updated": 0
  },
  {
    "id": "db2216ee-58a9-4db1-a680-101882472e21",
    "data": [
      {
        "text": "хороший",
        "meta": "@sys.ignore",
        "userDefined": true
      }
    ],
    "isTemplate": false,
    "count": 0,
    "updated": 0
  },
  {
    "id": "6041ccea-77a9-46e3-9b78-b18194c4fa9b",
    "data": [
      {
        "text": "удивительный",
        "userDefined": false
      }
    ],
    "isTemplate": false,
    "count": 0,
    "updated": 0
  },
  {
    "id": "e10f0679-4c9e-4d8a-a1d5-837eaa56e322",
    "data": [
      {
        "text": "это было просто прекрасно",
        "userDefined": false
      }
    ],
    "isTemplate": false,
    "count": 0,
    "updated": 0
  },
  {
    "id": "0c0c7b54-b23a-41be-8116-dc94b464d5fc",
    "data": [
      {
        "text": "так хорошо",
        "userDefined": false
      }
    ],
    "isTemplate": false,
    "count": 0,
    "updated": 0
  },
  {
    "id": "b48b7a91-1fea-467d-88a8-7b1dccef5be8",
    "data": [
      {
        "text": "вот так гораздо лучше",
        "userDefined": false
      }
    ],
    "isTemplate": false,
    "count": 0,
    "updated": 0
  },
  {
    "id": "f13fe7e0-8c42-4822-93e2-991588c57dcd",
    "data": [
      {
        "text": "было",
        "meta": "@sys.ignore",
        "userDefined": true
      },
      {
        "text": " здорово",
        "userDefined": false
      }
    ],
    "isTemplate": false,
    "count": 0,
    "updated": 0
  },
  {
    "id": "8aeaf98f-ec07-4972-92d4-f9d6423d5098",
    "data": [
      {
        "text": "это невероятно",
        "userDefined": false
      }
    ],
    "isTemplate": false,
    "count": 2,
    "updated": 0
  },
  {
    "id": "2432c43e-7ab1-4fac-b252-b8382fc7106f",
    "data": [
      {
        "text": "гораздо лучше",
        "userDefined": false
      }
    ],
    "isTemplate": false,
    "count": 0,
    "updated": 0
  },
  {
    "id": "eeb68744-fc54-4396-ac1b-648105963050",
    "data": [
      {
        "text": "вот и чудно",
        "userDefined": false
      }
    ],
    "isTemplate": false,
    "count": 0,
    "updated": 0
  },
  {
    "id": "4f760207-e791-45e7-91ac-69f510285833",
    "data": [
      {
        "text": "потрясающе",
        "userDefined": false
      }
    ],
    "isTemplate": false,
    "count": 1,
    "updated": 0
  },
  {
    "id": "859bca12-ca15-43d3-b27c-9d77e7058132",
    "data": [
      {
        "text": "это было просто потрясающе",
        "userDefined": false
      }
    ],
    "isTemplate": false,
    "count": 0,
    "updated": 0
  },
  {
    "id": "c84eb20e-5614-4602-beb8-c50192b2f359",
    "data": [
      {
        "text": "мило с твоей стороны",
        "userDefined": false
      }
    ],
    "isTemplate": false,
    "count": 0,
    "updated": 0
  },
  {
    "id": "70f74404-86fc-40a4-b6fe-c251d3fcca18",
    "data": [
      {
        "text": "было довольно неплохо",
        "userDefined": false
      }
    ],
    "isTemplate": false,
    "count": 0,
    "updated": 0
  },
  {
    "id": "c9b4ca75-66ba-48db-bdae-a3d62402ea7c",
    "data": [
      {
        "text": "рад был это узнать",
        "userDefined": false
      }
    ],
    "isTemplate": false,
    "count": 0,
    "updated": 0
  },
  {
    "id": "743bfcad-0183-4052-b14c-80cf71ffba76",
    "data": [
      {
        "text": "нет всё в порядке",
        "userDefined": false
      }
    ],
    "isTemplate": false,
    "count": 0,
    "updated": 0
  },
  {
    "id": "2265efa0-c5a5-48b6-855c-220d0edde076",
    "data": [
      {
        "text": "очень хорошо",
        "userDefined": false
      }
    ],
    "isTemplate": false,
    "count": 0,
    "updated": 0
  },
  {
    "id": "d0e16ba4-0070-4c8c-ab67-6770132058ad",
    "data": [
      {
        "text": "великолепно",
        "userDefined": false
      }
    ],
    "isTemplate": false,
    "count": 0,
    "updated": 0
  },
  {
    "id": "a18a9820-d934-4ee9-b343-d1403e903774",
    "data": [
      {
        "text": "хорошая идея",
        "userDefined": false
      }
    ],
    "isTemplate": false,
    "count": 0,
    "updated": 0
  },
  {
    "id": "3344352a-54c0-478a-ae91-fe2b14ff9a88",
    "data": [
      {
        "text": "окей хорошо",
        "userDefined": false
      }
    ],
    "isTemplate": false,
    "count": 0,
    "updated": 0
  },
  {
    "id": "a1cc0a6e-7f40-45ce-8a1b-b6cec12b9d43",
    "data": [
      {
        "text": "всё нормально",
        "userDefined": false
      }
    ],
    "isTemplate": false,
    "count": 0,
    "updated": 0
  },
  {
    "id": "c880833c-8fbe-4222-9969-edb7b546f404",
    "data": [
      {
        "text": "отлично",
        "userDefined": false
      }
    ],
    "isTemplate": false,
    "count": 0,
    "updated": 0
  },
  {
    "id": "34a84163-4c61-4ec8-9b5c-feba14e1ef71",
    "data": [
      {
        "text": "просто прекрасно",
        "userDefined": false
      }
    ],
    "isTemplate": false,
    "count": 0,
    "updated": 0
  },
  {
    "id": "c150c3e3-83c0-4dcc-9f12-99037ae2d0a3",
    "data": [
      {
        "text": "действительно здорово",
        "userDefined": false
      }
    ],
    "isTemplate": false,
    "count": 0,
    "updated": 0
  },
  {
    "id": "032b2e7a-264d-424e-b4f9-0f180ef9a97f",
    "data": [
      {
        "text": "просто блестяще",
        "userDefined": false
      }
    ],
    "isTemplate": false,
    "count": 1,
    "updated": 0
  },
  {
    "id": "e2ca5df8-88a4-430c-9ce3-b1072609f18c",
    "data": [
      {
        "text": "рад слышать это",
        "userDefined": false
      }
    ],
    "isTemplate": false,
    "count": 1,
    "updated": 0
  },
  {
    "id": "fb091a57-3627-4688-9eed-e9acd1572db8",
    "data": [
      {
        "text": "хорошо очень хорошо",
        "userDefined": false
      }
    ],
    "isTemplate": false,
    "count": 0,
    "updated": 0
  },
  {
    "id": "657083f9-e2ed-4473-adbb-a5062703fc88",
    "data": [
      {
        "text": "неплохо",
        "userDefined": false
      }
    ],
    "isTemplate": false,
    "count": 0,
    "updated": 0
  },
  {
    "id": "8b37b585-ab52-46f6-b8ee-517243ab2ace",
    "data": [
      {
        "text": "чудесно",
        "userDefined": false
      }
    ],
    "isTemplate": false,
    "count": 0,
    "updated": 0
  },
  {
    "id": "838033d8-013e-4117-bd2d-a45ef9b0b170",
    "data": [
      {
        "text": "здорово",
        "userDefined": false
      }
    ],
    "isTemplate": false,
    "count": 0,
    "updated": 0
  },
  {
    "id": "ec87d15c-632b-43d1-8c91-095f696cecb6",
    "data": [
      {
        "text": "приятно",
        "userDefined": false
      }
    ],
    "isTemplate": false,
    "count": 0,
    "updated": 0
  },
  {
    "id": "60b37fec-253f-44a8-8a69-d1f752b62a68",
    "data": [
      {
        "text": "это довольно хорошо",
        "userDefined": false
      }
    ],
    "isTemplate": false,
    "count": 0,
    "updated": 0
  },
  {
    "id": "a3b46002-c38d-4f44-bf66-b337a61f9dee",
    "data": [
      {
        "text": "ok хорошо",
        "userDefined": false
      }
    ],
    "isTemplate": false,
    "count": 0,
    "updated": 0
  },
  {
    "id": "805a649f-80cb-426a-b4d5-bb6077c6705e",
    "data": [
      {
        "text": "хорошо сделано",
        "userDefined": false
      }
    ],
    "isTemplate": false,
    "count": 0,
    "updated": 0
  },
  {
    "id": "daed57a7-d2d0-498e-a417-c52eb3b71359",
    "data": [
      {
        "text": "это здорово",
        "userDefined": false
      }
    ],
    "isTemplate": false,
    "count": 0,
    "updated": 0
  },
  {
    "id": "4fd48ba8-0a57-41d0-89a4-ab49009b0790",
    "data": [
      {
        "text": "действительно хорошо",
        "userDefined": false
      }
    ],
    "isTemplate": false,
    "count": 2,
    "updated": 0
  },
  {
    "id": "e00279b9-6ab6-404f-95ba-83554265347b",
    "data": [
      {
        "text": "приятный",
        "meta": "@sys.ignore",
        "userDefined": true
      }
    ],
    "isTemplate": false,
    "count": 1,
    "updated": 0
  },
  {
    "id": "77ef39ff-191c-41a4-8d5d-3b763ecea187",
    "data": [
      {
        "text": "восхитительно",
        "userDefined": false
      }
    ],
    "isTemplate": false,
    "count": 0,
    "updated": 0
  },
  {
    "id": "36bd1f8e-f8f2-43cb-bf5c-a514e629c2e0",
    "data": [
      {
        "text": "это было удивительно",
        "userDefined": false
      }
    ],
    "isTemplate": false,
    "count": 0,
    "updated": 0
  },
  {
    "id": "4bdf4389-1213-4664-ae90-b508c5c47d10",
    "data": [
      {
        "text": "так мило с твоей стороны",
        "userDefined": false
      }
    ],
    "isTemplate": false,
    "count": 0,
    "updated": 0
  },
  {
    "id": "48caddaa-4307-44a1-92e0-3eca07e8b0d3",
    "data": [
      {
        "text": "ну и здорово",
        "userDefined": false
      }
    ],
    "isTemplate": false,
    "count": 0,
    "updated": 0
  },
  {
    "id": "6d670014-f32c-41d1-b5a6-be9f17eee6ba",
    "data": [
      {
        "text": "чудно",
        "userDefined": false
      }
    ],
    "isTemplate": false,
    "count": 0,
    "updated": 0
  },
  {
    "id": "2708be7e-62d7-4829-969b-9a445ac7b322",
    "data": [
      {
        "text": "нормально",
        "userDefined": false
      }
    ],
    "isTemplate": false,
    "count": 1,
    "updated": 0
  },
  {
    "id": "048d2f00-ab6f-43a5-ad7b-8703a3e4e66b",
    "data": [
      {
        "text": "изумительно",
        "userDefined": false
      }
    ],
    "isTemplate": false,
    "count": 0,
    "updated": 0
  },
  {
    "id": "9f846208-12f1-451f-8c0c-fe6b4f94e88d",
    "data": [
      {
        "text": "волшебно",
        "userDefined": false
      }
    ],
    "isTemplate": false,
    "count": 0,
    "updated": 0
  },
  {
    "id": "72897356-049c-4e12-9784-57ceddd7630b",
    "data": [
      {
        "text": "потрясающе спасибо",
        "userDefined": false
      }
    ],
    "isTemplate": false,
    "count": 0,
    "updated": 0
  },
  {
    "id": "f49430fd-f970-48be-8f3b-489dcf44af30",
    "data": [
      {
        "text": "это уже лучше",
        "userDefined": false
      }
    ],
    "isTemplate": false,
    "count": 0,
    "updated": 0
  }
]