[
  {
    "id": "25c651ec-6027-4241-a9a7-948c31a5b9e7",
    "data": [
      {
        "text": "теперь ты уволена",
        "userDefined": false
      }
    ],
    "isTemplate": false,
    "count": 0,
    "updated": 0
  },
  {
    "id": "805f805a-937c-4af6-857c-2f62ca4743ce",
    "data": [
      {
        "text": "тебя нужно уволить",
        "userDefined": false
      }
    ],
    "isTemplate": false,
    "count": 0,
    "updated": 0
  },
  {
    "id": "5561b1e4-58d2-4a71-a889-d2846b74b6ab",
    "data": [
      {
        "text": "тебя следовало бы уволить",
        "userDefined": false
      }
    ],
    "isTemplate": false,
    "count": 0,
    "updated": 0
  },
  {
    "id": "55e0268f-f821-4e6c-a185-089dadf67d0e",
    "data": [
      {
        "text": "уволена",
        "userDefined": false
      }
    ],
    "isTemplate": false,
    "count": 0,
    "updated": 0
  },
  {
    "id": "852f7f84-e0f6-497b-ac1d-323b0caca0af",
    "data": [
      {
        "text": "отстраняю тебя от работы",
        "userDefined": false
      }
    ],
    "isTemplate": false,
    "count": 0,
    "updated": 0
  },
  {
    "id": "e9162e1e-5d1b-4775-acf5-c399926cddb6",
    "data": [
      {
        "text": "ты уволена",
        "userDefined": false
      }
    ],
    "isTemplate": false,
    "count": 0,
    "updated": 0
  },
  {
    "id": "df32e911-f8f4-4bd3-af51-3ede333b58ee",
    "data": [
      {
        "text": "мы больше не работаем вместе",
        "userDefined": false
      }
    ],
    "isTemplate": false,
    "count": 0,
    "updated": 0
  },
  {
    "id": "acf52fb7-b9e7-4a80-a45f-f62bc3f6bab7",
    "data": [
      {
        "text": "я решил тебя уволить",
        "userDefined": false
      }
    ],
    "isTemplate": false,
    "count": 0,
    "updated": 0
  },
  {
    "id": "af842fb1-f985-494d-bd47-98a20d81f23d",
    "data": [
      {
        "text": "ты уволен",
        "userDefined": false
      }
    ],
    "isTemplate": false,
    "count": 0,
    "updated": 0
  },
  {
    "id": "5c2b849f-cc27-4211-8243-6b48db033075",
    "data": [
      {
        "text": "ты больше не работаешь на меня",
        "userDefined": false
      }
    ],
    "isTemplate": false,
    "count": 0,
    "updated": 0
  },
  {
    "id": "10be0cd6-e364-49ca-a2a4-ecec980735b6",
    "data": [
      {
        "text": "пора бы уволить тебя",
        "userDefined": false
      }
    ],
    "isTemplate": false,
    "count": 1,
    "updated": 0
  },
  {
    "id": "aa4e5f0b-7fdf-4f1e-bfe6-3e97ceada66e",
    "data": [
      {
        "text": "хочу уволить тебя",
        "userDefined": false
      }
    ],
    "isTemplate": false,
    "count": 0,
    "updated": 0
  },
  {
    "id": "19ae2946-38ff-406c-8109-597914f4416f",
    "data": [
      {
        "text": "я собираюсь уволить тебя",
        "userDefined": false
      }
    ],
    "isTemplate": false,
    "count": 0,
    "updated": 0
  },
  {
    "id": "d5cafe0e-fb3c-4c95-a9a8-2e99aaf43be3",
    "data": [
      {
        "text": "ты отстранён",
        "userDefined": false
      }
    ],
    "isTemplate": false,
    "count": 0,
    "updated": 0
  },
  {
    "id": "990e1684-017f-47ce-9ab2-82d950a93602",
    "data": [
      {
        "text": "я тебя уволю",
        "userDefined": false
      }
    ],
    "isTemplate": false,
    "count": 0,
    "updated": 0
  },
  {
    "id": "7aac933a-5ba3-49a9-95c6-b5cf45d50c55",
    "data": [
      {
        "text": "пришло время уволить тебя",
        "userDefined": false
      }
    ],
    "isTemplate": false,
    "count": 0,
    "updated": 0
  },
  {
    "id": "5b947682-5cec-474a-9de5-5edef12f79df",
    "data": [
      {
        "text": "я тебя отстраняю",
        "userDefined": false
      }
    ],
    "isTemplate": false,
    "count": 0,
    "updated": 0
  }
]