[
  {
    "id": "c1683af5-543f-4231-bffd-ef988b1b1098",
    "data": [
      {
        "text": "Тупой кусок говна",
        "userDefined": false
      }
    ],
    "isTemplate": false,
    "count": 0,
    "updated": 0
  },
  {
    "id": "367ed584-dfe4-4bd1-a827-d664126d17e8",
    "data": [
      {
        "text": "Привет тупой бот",
        "userDefined": false
      }
    ],
    "isTemplate": false,
    "count": 0,
    "updated": 0
  },
  {
    "id": "45208fd8-c667-4d48-ac20-a9961d1f0dba",
    "data": [
      {
        "text": "ты бот",
        "userDefined": false
      }
    ],
    "isTemplate": false,
    "count": 7,
    "updated": 0
  },
  {
    "id": "905c05b3-63ac-44ac-976a-a12f9649dc2e",
    "data": [
      {
        "text": "Бот",
        "userDefined": false
      }
    ],
    "isTemplate": false,
    "count": 3,
    "updated": 0
  },
  {
    "id": "6a8f547f-ff96-4f8b-8f40-38a61e78b1d3",
    "data": [
      {
        "text": "ты чатбот",
        "userDefined": false
      }
    ],
    "isTemplate": false,
    "count": 0,
    "updated": 0
  },
  {
    "id": "32e9e380-c7e1-4951-9153-706cdd83bd04",
    "data": [
      {
        "text": "ты наверное чат бот",
        "userDefined": false
      }
    ],
    "isTemplate": false,
    "count": 0,
    "updated": 0
  },
  {
    "id": "a9f78f3c-3621-4814-a4a0-70b4d1bc8996",
    "data": [
      {
        "text": "ты просто бот не так ли",
        "userDefined": false
      }
    ],
    "isTemplate": false,
    "count": 0,
    "updated": 0
  },
  {
    "id": "bd5d938e-c985-4f59-8324-954bcb2ad513",
    "data": [
      {
        "text": "это правда что ты бот",
        "userDefined": false
      }
    ],
    "isTemplate": false,
    "count": 0,
    "updated": 0
  },
  {
    "id": "5ce997dc-9819-4c77-9b3b-fa6de9ea01cf",
    "data": [
      {
        "text": "ты всего лишь бот",
        "userDefined": false
      }
    ],
    "isTemplate": false,
    "count": 0,
    "updated": 0
  },
  {
    "id": "8c4c6d68-ae0a-459a-b53e-d7b04f4f9a6d",
    "data": [
      {
        "text": "ты просто программа",
        "userDefined": false
      }
    ],
    "isTemplate": false,
    "count": 0,
    "updated": 0
  },
  {
    "id": "fe14ef7b-d4ff-496c-b426-31f47e9be857",
    "data": [
      {
        "text": "ты робот",
        "userDefined": false
      }
    ],
    "isTemplate": false,
    "count": 0,
    "updated": 0
  },
  {
    "id": "46e5ffc4-af6b-4239-9936-5f586df4c9fc",
    "data": [
      {
        "text": "ты что бот",
        "userDefined": false
      }
    ],
    "isTemplate": false,
    "count": 0,
    "updated": 0
  }
]